-- phpMyAdmin SQL Dump
-- version 5.2.1
-- https://www.phpmyadmin.net/
--
-- Host: 127.0.0.1
-- Generation Time: Jun 07, 2023 at 06:35 AM
-- Server version: 10.4.28-MariaDB
-- PHP Version: 8.1.17

SET SQL_MODE = "NO_AUTO_VALUE_ON_ZERO";
START TRANSACTION;
SET time_zone = "+00:00";


/*!40101 SET @OLD_CHARACTER_SET_CLIENT=@@CHARACTER_SET_CLIENT */;
/*!40101 SET @OLD_CHARACTER_SET_RESULTS=@@CHARACTER_SET_RESULTS */;
/*!40101 SET @OLD_COLLATION_CONNECTION=@@COLLATION_CONNECTION */;
/*!40101 SET NAMES utf8mb4 */;

--
-- Database: `spk-kmeans`
--

-- --------------------------------------------------------

--
-- Table structure for table `cluster1`
--

CREATE TABLE `cluster1` (
  `id` bigint(20) NOT NULL,
  `value` double NOT NULL,
  `updated_at` timestamp NULL DEFAULT NULL,
  `created_at` timestamp NULL DEFAULT NULL
) ENGINE=InnoDB DEFAULT CHARSET=utf8mb4 COLLATE=utf8mb4_general_ci;

--
-- Dumping data for table `cluster1`
--

INSERT INTO `cluster1` (`id`, `value`, `updated_at`, `created_at`) VALUES
(1, 7.5, '2023-06-07 02:29:30', '2023-06-07 02:29:30'),
(2, 5, '2023-06-07 02:29:30', '2023-06-07 02:29:30'),
(3, 0, '2023-06-07 02:29:30', '2023-06-07 02:29:30'),
(4, 0, '2023-06-07 02:29:31', '2023-06-07 02:29:31');

-- --------------------------------------------------------

--
-- Table structure for table `cluster2`
--

CREATE TABLE `cluster2` (
  `id` bigint(20) NOT NULL,
  `value` double NOT NULL,
  `updated_at` timestamp NULL DEFAULT NULL,
  `created_at` timestamp NULL DEFAULT NULL
) ENGINE=InnoDB DEFAULT CHARSET=utf8mb4 COLLATE=utf8mb4_general_ci;

--
-- Dumping data for table `cluster2`
--

INSERT INTO `cluster2` (`id`, `value`, `updated_at`, `created_at`) VALUES
(1, 7.5, '2023-06-07 02:29:31', '2023-06-07 02:29:31'),
(2, 0, '2023-06-07 02:29:31', '2023-06-07 02:29:31'),
(3, 5, '2023-06-07 02:29:31', '2023-06-07 02:29:31'),
(4, 7.5, '2023-06-07 02:29:31', '2023-06-07 02:29:31');

-- --------------------------------------------------------

--
-- Table structure for table `kecamatan`
--

CREATE TABLE `kecamatan` (
  `id` bigint(20) UNSIGNED NOT NULL,
  `nama` varchar(128) NOT NULL,
  `updated_at` timestamp NULL DEFAULT NULL,
  `created_at` timestamp NULL DEFAULT NULL
) ENGINE=InnoDB DEFAULT CHARSET=utf8mb4 COLLATE=utf8mb4_general_ci;

--
-- Dumping data for table `kecamatan`
--

INSERT INTO `kecamatan` (`id`, `nama`, `updated_at`, `created_at`) VALUES
(5, 'Teluk Mutiara', '2023-06-03 21:08:27', '2023-06-03 21:08:27'),
(6, 'Alor Timur Laut', '2023-06-03 21:08:52', '2023-06-03 21:08:52'),
(7, 'Pureman', '2023-06-03 21:09:12', '2023-06-03 21:09:12'),
(8, 'Kabola', '2023-06-03 21:09:30', '2023-06-03 21:09:30'),
(9, 'Alor Tengah Utara', '2023-06-05 13:58:33', '2023-06-05 13:58:33');

-- --------------------------------------------------------

--
-- Table structure for table `kecamatan_kelurahan`
--

CREATE TABLE `kecamatan_kelurahan` (
  `id` bigint(20) UNSIGNED NOT NULL,
  `kecamatan_id` bigint(20) UNSIGNED NOT NULL,
  `kelurahan_id` bigint(20) UNSIGNED NOT NULL,
  `updated_at` timestamp NULL DEFAULT NULL,
  `created_at` timestamp NULL DEFAULT NULL
) ENGINE=InnoDB DEFAULT CHARSET=utf8mb4 COLLATE=utf8mb4_general_ci;

--
-- Dumping data for table `kecamatan_kelurahan`
--

INSERT INTO `kecamatan_kelurahan` (`id`, `kecamatan_id`, `kelurahan_id`, `updated_at`, `created_at`) VALUES
(6, 5, 6, '2023-06-03 21:25:37', '2023-06-03 21:25:37'),
(7, 5, 7, '2023-06-03 21:26:19', '2023-06-03 21:26:19'),
(8, 5, 8, '2023-06-03 21:26:40', '2023-06-03 21:26:40'),
(9, 5, 9, '2023-06-03 21:28:22', '2023-06-03 21:28:22'),
(10, 5, 10, '2023-06-03 21:28:50', '2023-06-03 21:28:50'),
(11, 5, 11, '2023-06-03 21:29:06', '2023-06-03 21:29:06'),
(12, 5, 12, '2023-06-03 21:29:24', '2023-06-03 21:29:24'),
(13, 5, 13, '2023-06-03 21:29:46', '2023-06-03 21:29:46'),
(14, 6, 14, '2023-06-03 21:30:21', '2023-06-03 21:30:21'),
(15, 7, 15, '2023-06-03 21:30:41', '2023-06-03 21:30:41'),
(16, 8, 16, '2023-06-03 21:30:59', '2023-06-03 21:30:59'),
(17, 9, 17, '2023-06-05 13:59:09', '2023-06-05 13:59:09');

-- --------------------------------------------------------

--
-- Table structure for table `kelas`
--

CREATE TABLE `kelas` (
  `id` bigint(20) UNSIGNED NOT NULL,
  `nama` varchar(128) NOT NULL,
  `updated_at` timestamp NULL DEFAULT NULL,
  `created_at` timestamp NULL DEFAULT NULL
) ENGINE=InnoDB DEFAULT CHARSET=utf8mb4 COLLATE=utf8mb4_general_ci;

--
-- Dumping data for table `kelas`
--

INSERT INTO `kelas` (`id`, `nama`, `updated_at`, `created_at`) VALUES
(47, '1', '2023-06-03 21:16:26', '2023-06-03 21:16:26'),
(48, '2', '2023-06-03 21:17:21', '2023-06-03 21:17:21'),
(49, '3', '2023-06-03 21:17:40', '2023-06-03 21:17:40'),
(50, '4', '2023-06-03 21:17:53', '2023-06-03 21:17:53'),
(51, '5', '2023-06-03 21:18:03', '2023-06-03 21:18:03'),
(52, '6', '2023-06-03 21:18:14', '2023-06-03 21:18:14'),
(53, '7', '2023-06-03 21:18:29', '2023-06-03 21:18:29'),
(54, '8', '2023-06-03 21:18:40', '2023-06-03 21:18:40'),
(55, '9', '2023-06-03 21:18:52', '2023-06-03 21:18:52');

-- --------------------------------------------------------

--
-- Table structure for table `kelurahan`
--

CREATE TABLE `kelurahan` (
  `id` bigint(20) UNSIGNED NOT NULL,
  `nama` varchar(128) NOT NULL,
  `updated_at` timestamp NULL DEFAULT NULL,
  `created_at` timestamp NULL DEFAULT NULL
) ENGINE=InnoDB DEFAULT CHARSET=utf8mb4 COLLATE=utf8mb4_general_ci;

--
-- Dumping data for table `kelurahan`
--

INSERT INTO `kelurahan` (`id`, `nama`, `updated_at`, `created_at`) VALUES
(6, 'Binongko', '2023-06-03 21:10:35', '2023-06-03 21:10:35'),
(7, 'Kalabahi Kota', '2023-06-03 21:11:01', '2023-06-03 21:11:01'),
(8, 'Kalabahi Barat', '2023-06-03 21:11:20', '2023-06-03 21:11:20'),
(9, 'Kalabahi Tengah', '2023-06-03 21:11:40', '2023-06-03 21:11:40'),
(10, 'Kalabahi Timur', '2023-06-03 21:11:59', '2023-06-03 21:11:59'),
(11, 'Mutiara', '2023-06-03 21:12:17', '2023-06-03 21:12:17'),
(12, 'Nusa Kenari', '2023-06-03 21:12:37', '2023-06-03 21:12:37'),
(13, 'Wetabua', '2023-06-03 21:13:00', '2023-06-03 21:13:00'),
(14, 'Waisika', '2023-06-03 21:27:01', '2023-06-03 21:27:01'),
(15, 'Purnama', '2023-06-03 21:27:29', '2023-06-03 21:27:29'),
(16, 'Kopidil', '2023-06-03 21:27:47', '2023-06-03 21:27:47'),
(17, 'Mebung', '2023-06-05 13:58:48', '2023-06-05 13:58:48');

-- --------------------------------------------------------

--
-- Table structure for table `kriteria`
--

CREATE TABLE `kriteria` (
  `id` bigint(20) UNSIGNED NOT NULL,
  `nama` varchar(128) NOT NULL,
  `updated_at` timestamp NULL DEFAULT NULL,
  `created_at` timestamp NULL DEFAULT NULL
) ENGINE=InnoDB DEFAULT CHARSET=utf8mb4 COLLATE=utf8mb4_general_ci;

--
-- Dumping data for table `kriteria`
--

INSERT INTO `kriteria` (`id`, `nama`, `updated_at`, `created_at`) VALUES
(16, 'Nilai Rata-Rata Pengetahuan', '2023-05-18 22:10:52', '2023-04-21 09:18:23'),
(18, 'Nilai Rata-Rata Keterampilan', '2023-05-18 22:11:02', '2023-04-24 00:21:05'),
(19, 'Jumlah Penghasilan Orang Tua', '2023-05-18 22:11:18', '2023-04-24 00:22:28'),
(20, 'Jumlah Tanggungan Orang Tua', '2023-05-18 22:11:28', '2023-04-24 00:25:50');

-- --------------------------------------------------------

--
-- Table structure for table `kriteria_sub_kriteria`
--

CREATE TABLE `kriteria_sub_kriteria` (
  `id` bigint(20) UNSIGNED NOT NULL,
  `kriteria_id` bigint(20) UNSIGNED DEFAULT NULL,
  `sub_kriteria_id` bigint(20) UNSIGNED DEFAULT NULL,
  `bobot` double NOT NULL,
  `updated_at` timestamp NULL DEFAULT NULL,
  `created_at` timestamp NULL DEFAULT NULL
) ENGINE=InnoDB DEFAULT CHARSET=utf8mb4 COLLATE=utf8mb4_general_ci;

--
-- Dumping data for table `kriteria_sub_kriteria`
--

INSERT INTO `kriteria_sub_kriteria` (`id`, `kriteria_id`, `sub_kriteria_id`, `bobot`, `updated_at`, `created_at`) VALUES
(23, 16, 5, 10, '2023-05-20 15:53:29', '2023-05-18 22:21:48'),
(25, 16, 6, 7.5, '2023-05-18 22:23:00', '2023-05-18 22:23:00'),
(26, 16, 7, 5, '2023-05-18 22:23:10', '2023-05-18 22:23:10'),
(29, 16, 9, 2.5, '2023-05-18 22:24:26', '2023-05-18 22:24:26'),
(30, 16, 10, 0, '2023-05-18 22:25:23', '2023-05-18 22:25:23'),
(33, 18, 5, 10, '2023-05-21 19:11:10', '2023-05-21 19:11:10'),
(34, 18, 6, 7.5, '2023-05-21 19:11:27', '2023-05-21 19:11:27'),
(35, 18, 7, 5, '2023-05-21 19:11:40', '2023-05-21 19:11:40'),
(36, 18, 9, 2.5, '2023-05-21 19:11:54', '2023-05-21 19:11:54'),
(37, 18, 10, 0, '2023-05-21 19:12:05', '2023-05-21 19:12:05'),
(38, 19, 11, 10, '2023-05-21 19:12:28', '2023-05-21 19:12:28'),
(39, 19, 12, 7.5, '2023-05-21 19:12:42', '2023-05-21 19:12:42'),
(40, 19, 13, 5, '2023-05-21 19:12:53', '2023-05-21 19:12:53'),
(41, 19, 14, 2.5, '2023-05-21 19:13:05', '2023-05-21 19:13:05'),
(42, 19, 15, 0, '2023-05-21 19:13:18', '2023-05-21 19:13:18'),
(43, 20, 16, 10, '2023-05-21 19:13:30', '2023-05-21 19:13:30'),
(44, 20, 17, 7.5, '2023-05-21 19:13:45', '2023-05-21 19:13:45'),
(45, 20, 18, 5, '2023-05-21 19:13:57', '2023-05-21 19:13:57'),
(46, 20, 19, 2.5, '2023-05-21 19:14:08', '2023-05-21 19:14:08'),
(47, 20, 20, 0, '2023-05-21 19:14:18', '2023-05-21 19:14:18');

-- --------------------------------------------------------

--
-- Table structure for table `migrations`
--

CREATE TABLE `migrations` (
  `id` int(10) UNSIGNED NOT NULL,
  `migration` varchar(255) NOT NULL,
  `batch` int(11) NOT NULL
) ENGINE=InnoDB DEFAULT CHARSET=utf8mb4 COLLATE=utf8mb4_unicode_ci;

--
-- Dumping data for table `migrations`
--

INSERT INTO `migrations` (`id`, `migration`, `batch`) VALUES
(1, '2019_12_14_000001_create_personal_access_tokens_table', 1),
(2, '2022_09_19_134504_make_kasus_table', 1),
(3, '2022_09_19_145703_create_puskesmas_table', 2),
(4, '2022_09_19_150923_create_kecamatan_table', 3),
(6, '2022_09_19_151045_create_kelurahan_table', 4);

-- --------------------------------------------------------

--
-- Table structure for table `personal_access_tokens`
--

CREATE TABLE `personal_access_tokens` (
  `id` bigint(20) UNSIGNED NOT NULL,
  `tokenable_type` varchar(255) NOT NULL,
  `tokenable_id` bigint(20) UNSIGNED NOT NULL,
  `name` varchar(255) NOT NULL,
  `token` varchar(64) NOT NULL,
  `abilities` text DEFAULT NULL,
  `last_used_at` timestamp NULL DEFAULT NULL,
  `expires_at` timestamp NULL DEFAULT NULL,
  `created_at` timestamp NULL DEFAULT NULL,
  `updated_at` timestamp NULL DEFAULT NULL
) ENGINE=InnoDB DEFAULT CHARSET=utf8mb4 COLLATE=utf8mb4_unicode_ci;

-- --------------------------------------------------------

--
-- Table structure for table `siswa`
--

CREATE TABLE `siswa` (
  `id` bigint(20) UNSIGNED NOT NULL,
  `nama` varchar(128) NOT NULL,
  `nis` varchar(128) NOT NULL,
  `jk` varchar(20) NOT NULL,
  `tgl_lahir` varchar(20) NOT NULL,
  `kecamatan_id` bigint(20) UNSIGNED DEFAULT NULL,
  `kelurahan_id` bigint(20) UNSIGNED DEFAULT NULL,
  `tingkat_id` bigint(20) UNSIGNED DEFAULT NULL,
  `kelas_id` bigint(20) UNSIGNED DEFAULT NULL,
  `updated_at` timestamp NULL DEFAULT NULL,
  `created_at` timestamp NULL DEFAULT NULL
) ENGINE=InnoDB DEFAULT CHARSET=utf8mb4 COLLATE=utf8mb4_general_ci;

--
-- Dumping data for table `siswa`
--

INSERT INTO `siswa` (`id`, `nama`, `nis`, `jk`, `tgl_lahir`, `kecamatan_id`, `kelurahan_id`, `tingkat_id`, `kelas_id`, `updated_at`, `created_at`) VALUES
(17, 'Ainun Pirasya Awo', '5939', 'Laki - Laki', '04/27/2007', 5, 12, 4, 47, '2023-06-03 22:30:23', '2023-04-07 01:22:24'),
(18, 'Alexandra Laumal', '5816', 'Laki - Laki', '01/02/2008', 5, 11, 4, 47, '2023-06-03 22:32:33', '2023-04-07 01:23:38'),
(19, 'Alexandro Maikosa', '5676', 'Laki - Laki', '06/18/2007', 5, 9, 4, 47, '2023-06-03 22:34:30', '2023-04-07 01:25:57'),
(20, 'Alfredo Lende', '8496', 'Perempuan', '06/06/2007', 5, 7, 4, 47, '2023-06-03 22:36:42', '2023-04-08 15:36:09'),
(21, 'Alvin Ho', '7737', 'Laki - Laki', '04/25/2007', 5, 12, 4, 47, '2023-06-03 22:38:43', '2023-04-08 16:11:37'),
(22, 'Angraina Belipati', '7675', 'Perempuan', '06/12/2007', 5, 12, 4, 47, '2023-06-03 22:40:33', '2023-04-08 16:34:57'),
(23, 'Chelsi Djato', '5455', 'Perempuan', '09/26/2007', 5, 9, 4, 47, '2023-06-03 22:42:14', '2023-04-08 17:34:13'),
(25, 'Chelsilya Awengkari', '0952', 'Perempuan', '08/21/2007', 5, 12, 4, 47, '2023-06-03 22:44:32', '2023-04-28 10:05:44'),
(26, 'Ester Weni', '7333', 'Perempuan', '07/12/2008', 5, 10, 4, 47, '2023-06-03 22:46:12', '2023-04-28 10:06:16'),
(27, 'Febi Mowata', '5965', 'Perempuan', '06/23/2008', 5, 11, 4, 47, '2023-06-03 22:47:19', '2023-04-28 10:09:28'),
(28, 'Gilberd Awang', '3504', 'Laki - Laki', '05/23/2006', 6, 14, 4, 47, '2023-06-03 23:21:59', '2023-04-28 10:09:42'),
(29, 'Ratna Imang', '0916', 'Perempuan', '04/18/2008', 5, 10, 4, 47, '2023-06-03 23:23:08', '2023-04-28 10:09:54'),
(30, 'Indri Ouw', '1451', 'Perempuan', '03/19/2008', 5, 10, 4, 47, '2023-06-03 23:24:26', '2023-04-28 10:10:05'),
(31, 'Isak Wedinaka', '8130', 'Laki - Laki', '02/23/2008', 5, 11, 4, 47, '2023-06-03 23:25:25', '2023-04-28 10:10:21'),
(32, 'Jesen Lahasa', '4118', 'Laki - Laki', '01/20/2008', 5, 11, 4, 47, '2023-06-03 23:33:25', '2023-04-28 10:10:34'),
(33, 'Joe Pering', '5729', 'Laki - Laki', '01/19/2008', 5, 10, 4, 47, '2023-06-03 23:34:29', '2023-04-28 10:10:48'),
(34, 'Jumaldin Balich', '5749', 'Laki - Laki', '02/20/2008', 5, 7, 4, 47, '2023-06-03 23:36:33', '2023-04-28 10:11:31'),
(35, 'Lorinda Kawangko', '7262', 'Perempuan', '04/16/2008', 5, 11, 4, 47, '2023-06-03 23:40:30', '2023-04-28 10:12:27'),
(36, 'Markus Bumma', '4998', 'Laki - Laki', '05/26/2008', 5, 9, 4, 47, '2023-06-03 23:41:44', '2023-04-28 10:12:40'),
(37, 'Muhammad Tallo', '9552', 'Laki - Laki', '05/09/2008', 5, 12, 4, 47, '2023-06-03 23:42:48', '2023-04-28 10:12:52'),
(444, 'Nahas Kamusi', '5560', 'Laki - laki', '04/11/2007', 7, 15, 4, 47, '2023-06-05 12:52:16', '2023-06-05 12:52:16'),
(446, 'Nur Kasim', '8826', 'Perempuan', '06/12/2007', 5, 6, 4, 47, '2023-06-05 12:55:05', '2023-06-05 12:55:05'),
(447, 'Pakalis Suna', '9855', 'Laki - laki', '05/31/2008', 5, 9, 4, 47, '2023-06-05 12:56:10', '2023-06-05 12:56:10'),
(448, 'Rahalina Plaiko', '7891', 'Perempuan', '06/22/2007', 5, 12, 4, 47, '2023-06-05 12:57:08', '2023-06-05 12:57:08'),
(449, 'Riani Kartika', '5361', 'Perempuan', '04/21/2007', 5, 11, 4, 47, '2023-06-05 12:58:25', '2023-06-05 12:58:25'),
(450, 'Senche Hanapen', '7301', 'Perempuan', '10/27/2007', 8, 16, 4, 47, '2023-06-05 12:59:42', '2023-06-05 12:59:42'),
(451, 'Suparni Letbe', '5954', 'Laki - laki', '01/14/2008', 5, 11, 4, 47, '2023-06-05 13:00:47', '2023-06-05 13:00:47'),
(452, 'Videlia Chandra', '5611', 'Perempuan', '05/30/2007', 5, 11, 4, 47, '2023-06-05 13:02:55', '2023-06-05 13:02:55'),
(453, 'Vinsensius Parare', '7554', 'Laki - laki', '06/22/2007', 5, 12, 4, 47, '2023-06-05 13:04:25', '2023-06-05 13:04:25'),
(454, 'Yosefania Odjan', '1413', 'Perempuan', '04/18/2007', 5, 10, 4, 47, '2023-06-05 13:05:27', '2023-06-05 13:05:27'),
(455, 'Adel Lau Weni', '5907', 'Perempuan', '04/26/2007', 5, 11, 4, 48, '2023-06-05 13:39:58', '2023-06-05 13:39:58'),
(456, 'Alita Pati', '8789', 'Perempuan', '03/14/2008', 5, 9, 4, 48, '2023-06-05 13:41:44', '2023-06-05 13:41:44'),
(457, 'Anderias Kolomon', '2346', 'Laki - laki', '03/19/2007', 5, 9, 4, 48, '2023-06-05 13:43:33', '2023-06-05 13:43:33'),
(458, 'Bintang Sukarto', '3195', 'Perempuan', '06/22/2007', 5, 9, 4, 48, '2023-06-05 13:45:49', '2023-06-05 13:45:49'),
(459, 'Ramadani Azis', '4914', 'Perempuan', '08/28/2007', 5, 6, 4, 48, '2023-06-05 13:47:29', '2023-06-05 13:47:29'),
(460, 'Carlin Ouw', '3777', 'Perempuan', '04/05/2007', 5, 9, 4, 48, '2023-06-05 13:49:38', '2023-06-05 13:49:38'),
(461, 'Charles Banik', '2660', 'Laki - laki', '09/30/2007', 5, 12, 4, 48, '2023-06-05 13:51:21', '2023-06-05 13:51:21'),
(462, 'Cristina Djato', '2920', 'Laki - laki', '04/11/2007', 5, 9, 4, 48, '2023-06-05 13:52:35', '2023-06-05 13:52:35'),
(463, 'Daniel Gomangani', '9564', 'Laki - laki', '01/28/2007', 5, 9, 4, 48, '2023-06-05 13:53:57', '2023-06-05 13:53:57'),
(464, 'Dona Sonopa', '7426', 'Perempuan', '01/27/2007', 5, 11, 4, 48, '2023-06-05 13:55:01', '2023-06-05 13:55:01'),
(465, 'Drik Lapenangga', '7659', 'Laki - laki', '05/25/2007', 5, 9, 4, 48, '2023-06-05 13:56:16', '2023-06-05 13:56:16'),
(466, 'Duta Peni', '2935', 'Laki - Laki', '09/08/2006', 9, 17, 4, 48, '2023-06-05 13:59:43', '2023-06-05 13:58:05'),
(467, 'Elsyanti Puling', '7777', 'Perempuan', '06/11/2006', 5, 8, 4, 48, '2023-06-05 19:32:17', '2023-06-05 14:01:11'),
(468, 'Gracela Laubela', '5535', 'Perempuan', '04/11/2007', 5, 12, 4, 48, '2023-06-05 14:02:13', '2023-06-05 14:02:13'),
(469, 'Juan Djaha', '2608', 'Laki - laki', '02/21/2007', 5, 8, 4, 48, '2023-06-05 14:03:10', '2023-06-05 14:03:10'),
(470, 'Julian Alang', '7257', 'Perempuan', '07/29/2007', 5, 9, 4, 48, '2023-06-05 14:06:16', '2023-06-05 14:06:16'),
(471, 'Lukuis Makamai', '5727', 'Laki - laki', '06/24/2006', 5, 12, 4, 48, '2023-06-05 14:07:15', '2023-06-05 14:07:15'),
(472, 'Margateth Waang', '4725', 'Perempuan', '05/06/2007', 5, 11, 4, 48, '2023-06-05 14:08:38', '2023-06-05 14:08:38'),
(473, 'Nadira Bala', '5458', 'Perempuan', '08/03/2007', 5, 6, 4, 48, '2023-06-05 14:11:24', '2023-06-05 14:11:24'),
(474, 'Najwa Heriyanto', '5998', 'Perempuan', '07/13/2007', 5, 7, 4, 48, '2023-06-05 14:13:17', '2023-06-05 14:13:17'),
(475, 'Nandini Baso', '7903', 'Perempuan', '11/26/2006', 5, 7, 4, 48, '2023-06-05 18:44:51', '2023-06-05 18:44:51'),
(476, 'Nandy Amung', '5776', 'Perempuan', '12/25/2007', 5, 7, 4, 48, '2023-06-05 18:53:01', '2023-06-05 18:53:01'),
(477, 'Oktoviano Mautuka', '6520', 'Laki - laki', '10/18/2007', 5, 8, 4, 48, '2023-06-05 18:54:28', '2023-06-05 18:54:28'),
(478, 'Richarly Malua', '7981', 'Laki - laki', '03/16/2007', 5, 12, 4, 48, '2023-06-05 18:55:31', '2023-06-05 18:55:31'),
(479, 'Roberto Alipen', '5489', 'Laki - laki', '01/07/2007', 5, 12, 4, 48, '2023-06-05 18:56:59', '2023-06-05 18:56:59'),
(480, 'Robinson Urleng', '6575', 'Laki - laki', '04/07/2007', 5, 7, 4, 48, '2023-06-05 18:58:08', '2023-06-05 18:58:08'),
(481, 'Stefano Tinting', '3546', 'Laki - laki', '11/20/2007', 5, 9, 4, 48, '2023-06-05 18:59:24', '2023-06-05 18:59:24'),
(482, 'Yepsi Maggi', '7170', 'Laki - laki', '11/26/2007', 5, 9, 4, 48, '2023-06-05 19:00:32', '2023-06-05 19:00:32'),
(483, 'Yudit Lake', '1218', 'Perempuan', '11/18/2006', 5, 10, 4, 48, '2023-06-05 19:01:30', '2023-06-05 19:01:30'),
(484, 'Yulens Kolly', '2705', 'Laki - laki', '01/04/2007', 5, 11, 4, 48, '2023-06-05 19:02:54', '2023-06-05 19:02:54'),
(485, 'Anggraini Sarata', '5047', 'Perempuan', '03/03/2007', 5, 7, 4, 49, '2023-06-05 20:45:22', '2023-06-05 20:45:22'),
(486, 'Barnes Wetangseli', '6562', 'Laki - laki', '05/29/2007', 5, 6, 4, 49, '2023-06-05 20:48:02', '2023-06-05 20:48:02'),
(487, 'Berry Sailana', '9559', 'Laki - laki', '06/04/2007', 5, 8, 4, 49, '2023-06-05 20:50:27', '2023-06-05 20:50:27'),
(488, 'Cristina Simanjuntak', '2407', 'Perempuan', '10/16/2006', 5, 11, 4, 49, '2023-06-05 20:56:34', '2023-06-05 20:56:34'),
(489, 'Chiristy Abor', '7213', 'Perempuan', '12/26/2006', 5, 10, 4, 49, '2023-06-05 21:28:35', '2023-06-05 21:28:35'),
(490, 'Dewiani Dei Buang', '6357', 'Perempuan', '03/23/2007', 5, 11, 4, 49, '2023-06-05 21:32:25', '2023-06-05 21:32:25'),
(491, 'Dorintan Stifani', '7182', 'Perempuan', '12/24/2006', 5, 12, 4, 49, '2023-06-05 21:39:07', '2023-06-05 21:39:07'),
(492, 'Jakcson Lapuisaly', '5251', 'Laki - laki', '06/06/2007', 5, 7, 4, 49, '2023-06-05 21:42:16', '2023-06-05 21:42:16'),
(493, 'Glory Olivia Waang', '7948', 'Perempuan', '10/01/2007', 5, 12, 4, 49, '2023-06-05 21:45:19', '2023-06-05 21:45:19'),
(494, 'Grefly Aron Sarata', '8726', 'Laki - laki', '06/05/2007', 5, 13, 4, 49, '2023-06-05 21:48:11', '2023-06-05 21:48:11'),
(495, 'Haikal', '4901', 'Laki - laki', '01/30/2007', 5, 11, 4, 49, '2023-06-05 21:52:03', '2023-06-05 21:52:03'),
(496, 'Jacob Bire', '2072', 'Laki - laki', '03/09/2007', 5, 7, 4, 49, '2023-06-05 21:57:29', '2023-06-05 21:57:29'),
(497, 'Javier Koly', '6424', 'Laki - laki', '10/02/2007', 5, 10, 4, 49, '2023-06-05 22:19:30', '2023-06-05 22:19:30'),
(498, 'Kristina Lake', '0848', 'Perempuan', '03/06/2007', 5, 9, 4, 49, '2023-06-05 22:23:13', '2023-06-05 22:23:13'),
(499, 'Leonardo Sanety', '4535', 'Laki - laki', '06/18/2007', 5, 7, 4, 49, '2023-06-05 22:26:53', '2023-06-05 22:26:53'),
(500, 'Leonard Mantutu', '1519', 'Laki - laki', '07/29/2007', 5, 9, 4, 49, '2023-06-05 22:31:26', '2023-06-05 22:31:26'),
(501, 'Gratia Langmau', '2896', 'Perempuan', '06/03/2007', 5, 9, 4, 49, '2023-06-05 22:36:17', '2023-06-05 22:36:17'),
(502, 'Maria Moileti', '0131', 'Perempuan', '03/15/2005', 5, 9, 4, 49, '2023-06-05 22:40:32', '2023-06-05 22:40:32'),
(503, 'Marsya Sailana', '6861', 'Perempuan', '05/01/2007', 5, 9, 4, 49, '2023-06-05 22:54:11', '2023-06-05 22:54:11'),
(504, 'Naida Selly', '1814', 'Perempuan', '04/11/2007', 5, 12, 4, 49, '2023-06-05 22:55:50', '2023-06-05 22:55:50'),
(505, 'Novantino Maikoka', '2240', 'Laki - laki', '09/26/2007', 5, 11, 4, 49, '2023-06-05 22:59:46', '2023-06-05 22:59:46'),
(506, 'Olifia Gawen', '6210', 'Perempuan', '10/15/2007', 5, 10, 4, 49, '2023-06-05 23:02:52', '2023-06-05 23:02:52'),
(507, 'Roberto Mungkabel', '7911', 'Laki - laki', '07/09/2007', 5, 8, 4, 49, '2023-06-05 23:05:22', '2023-06-05 23:05:22'),
(508, 'Ronaldi Legimay', '6181', 'Laki - laki', '05/23/2007', 5, 7, 4, 49, '2023-06-05 23:12:08', '2023-06-05 23:12:08'),
(509, 'Ruben Tapaha', '3972', 'Laki - laki', '06/20/2007', 5, 11, 4, 49, '2023-06-05 23:17:31', '2023-06-05 23:17:31'),
(510, 'Serina Aszaidah', '7049', 'Perempuan', '03/04/2007', 5, 10, 4, 49, '2023-06-05 23:20:39', '2023-06-05 23:20:39'),
(511, 'Trifena Aleng', '2046', 'Perempuan', '11/15/2006', 5, 12, 4, 49, '2023-06-05 23:30:44', '2023-06-05 23:30:44'),
(512, 'Uswatun Hasanah', '6498', 'Perempuan', '06/26/2007', 5, 10, 4, 49, '2023-06-05 23:35:31', '2023-06-05 23:35:31'),
(513, 'Vanisa Donuisang', '8788', 'Perempuan', '06/06/2007', 5, 12, 4, 49, '2023-06-05 23:39:07', '2023-06-05 23:39:07'),
(514, 'Adhiyaat M Akbar', '6524', 'Laki - laki', '09/20/2007', 5, 7, 4, 50, '2023-06-06 09:17:35', '2023-06-06 09:17:35'),
(515, 'Alfa Tige', '4177', 'Laki - laki', '07/29/2007', 5, 10, 4, 50, '2023-06-06 09:20:24', '2023-06-06 09:20:24'),
(516, 'Cindy Jesicca Tambunan', '2406', 'Perempuan', '09/21/2007', 5, 7, 4, 50, '2023-06-06 09:23:13', '2023-06-06 09:23:13'),
(517, 'Cindy S Waang', '6864', 'Perempuan', '02/01/2007', 5, 11, 4, 50, '2023-06-06 09:26:46', '2023-06-06 09:26:46'),
(518, 'Dea Melita Sau', '6831', 'Perempuan', '05/27/2007', 5, 10, 4, 50, '2023-06-06 09:29:42', '2023-06-06 09:29:42'),
(519, 'Destye N Well', '5236', 'Perempuan', '07/29/2006', 5, 10, 4, 50, '2023-06-06 09:32:33', '2023-06-06 09:32:33'),
(520, 'Erik C Mau', '9629', 'Laki - laki', '04/11/2007', 5, 10, 4, 50, '2023-06-06 09:47:22', '2023-06-06 09:47:22'),
(521, 'Fakhri B Ajiz', '9266', 'Laki - laki', '08/09/2007', 5, 12, 4, 50, '2023-06-06 09:50:54', '2023-06-06 09:50:54'),
(522, 'Gabriekk G Ola', '6213', 'Laki - laki', '09/29/2007', 5, 11, 4, 50, '2023-06-06 10:03:59', '2023-06-06 10:03:59'),
(523, 'Gilberto D Amarang', '5273', 'Laki - laki', '12/04/2006', 5, 10, 4, 50, '2023-06-06 10:06:37', '2023-06-06 10:06:37'),
(524, 'Glen T Tabulau', '4584', 'Laki - laki', '06/30/2007', 5, 10, 4, 50, '2023-06-06 10:09:12', '2023-06-06 10:09:12'),
(525, 'Ivana Momay', '7184', 'Perempuan', '04/11/2007', 5, 10, 4, 50, '2023-06-06 10:12:41', '2023-06-06 10:12:41'),
(526, 'Jastin C Masae', '5017', 'Perempuan', '01/01/2008', 5, 10, 4, 50, '2023-06-06 10:36:47', '2023-06-06 10:36:47'),
(527, 'Jefri Pingak', '5698', 'Laki - laki', '01/06/2007', 5, 11, 4, 50, '2023-06-06 10:42:02', '2023-06-06 10:42:02'),
(528, 'Jesika Bandel', '3670', 'Perempuan', '04/25/2007', 5, 10, 4, 50, '2023-06-06 10:44:26', '2023-06-06 10:44:26'),
(529, 'Krismus Manetde', '0118', 'Laki - laki', '08/06/2007', 5, 11, 4, 50, '2023-06-06 10:47:35', '2023-06-06 10:47:35'),
(530, 'Kuy I Biri', '0654', 'Perempuan', '03/28/2007', 5, 12, 4, 50, '2023-06-06 10:50:43', '2023-06-06 10:50:43'),
(531, 'Meilania Yakoba', '9551', 'Perempuan', '05/08/2007', 5, 11, 4, 50, '2023-06-06 10:53:25', '2023-06-06 10:53:25'),
(532, 'Merry S Made', '3591', 'Perempuan', '05/21/2007', 5, 7, 4, 50, '2023-06-06 10:56:04', '2023-06-06 10:56:04'),
(533, 'Mimi S Tuati', '7939', 'Perempuan', '06/15/2007', 8, 16, 4, 50, '2023-06-06 10:59:11', '2023-06-06 10:59:11'),
(534, 'Muhammad F. Syahbudin', '4603', 'Laki - laki', '10/05/2006', 5, 9, 4, 50, '2023-06-06 11:08:53', '2023-06-06 11:08:53'),
(535, 'Nabila Ouwpoly', '4302', 'Perempuan', '12/27/2006', 5, 11, 4, 50, '2023-06-06 11:15:02', '2023-06-06 11:15:02'),
(536, 'Pierre C. Seli', '3196', 'Laki - laki', '02/09/2007', 5, 10, 4, 50, '2023-06-06 11:19:37', '2023-06-06 11:19:37'),
(537, 'Rydho M. Belly', '5807', 'Laki - laki', '05/22/2007', 5, 12, 4, 50, '2023-06-06 11:23:02', '2023-06-06 11:23:02'),
(538, 'Sani Aprilin Atamou', '5182', 'Perempuan', '04/11/2007', 5, 12, 4, 50, '2023-06-06 11:25:49', '2023-06-06 11:25:49'),
(539, 'Syahrah Ramadhani', '7587', 'Perempuan', '09/30/2007', 5, 6, 4, 50, '2023-06-06 11:28:36', '2023-06-06 11:28:36'),
(540, 'Tri Astuti Labeng', '8923', 'Perempuan', '07/07/2007', 5, 6, 4, 50, '2023-06-06 11:30:53', '2023-06-06 11:30:53'),
(541, 'Yandes Romi Dopongabora', '8358', 'Laki - laki', '01/30/2006', 5, 11, 4, 50, '2023-06-06 11:51:01', '2023-06-06 11:51:01'),
(542, 'Farel Rizky Ibnu Sina', '8294', 'Laki - laki', '12/09/2007', 5, 9, 4, 51, '2023-06-06 11:56:41', '2023-06-06 11:56:41'),
(543, 'Abraham S. M. Weni', '4606', 'Laki - laki', '10/03/2006', 5, 7, 4, 51, '2023-06-06 12:02:45', '2023-06-06 12:02:45'),
(544, 'Agung P. Waang', '3878', 'Laki - laki', '04/06/2007', 5, 11, 4, 51, '2023-06-06 12:05:51', '2023-06-06 12:05:51'),
(545, 'Berliana L. Yame', '2760', 'Perempuan', '12/22/2006', 5, 13, 4, 51, '2023-06-06 12:08:06', '2023-06-06 12:08:06'),
(546, 'Christoper Simanjuntak', '4720', 'Laki - laki', '10/16/2006', 5, 11, 4, 51, '2023-06-06 12:10:20', '2023-06-06 12:10:20'),
(547, 'Cinta Mentari Idris', '7509', 'Perempuan', '05/04/2007', 5, 10, 4, 51, '2023-06-06 12:12:34', '2023-06-06 12:12:34'),
(548, 'Defredricson Y. Loa', '2754', 'Laki - laki', '03/10/2007', 5, 10, 4, 51, '2023-06-06 12:16:01', '2023-06-06 12:16:01'),
(549, 'Dhea T. Karmaley', '7296', 'Perempuan', '12/16/2006', 5, 13, 4, 51, '2023-06-06 12:19:43', '2023-06-06 12:19:43'),
(550, 'Dinda Infantriani Tullaili', '8467', 'Perempuan', '09/24/2006', 5, 7, 4, 51, '2023-06-06 12:22:33', '2023-06-06 12:22:33'),
(551, 'Elisabeth Lekitonu', '7723', 'Perempuan', '07/14/2007', 5, 9, 4, 51, '2023-06-06 12:27:35', '2023-06-06 12:27:35'),
(552, 'Fauza Alhabsy Watimena', '1973', 'Laki - laki', '07/09/2007', 5, 6, 4, 51, '2023-06-06 12:30:24', '2023-06-06 12:30:24'),
(553, 'Febrian Risky Duka', '5048', 'Laki - laki', '02/08/2007', 5, 13, 4, 51, '2023-06-06 12:37:24', '2023-06-06 12:37:24'),
(554, 'Irene S. Y. D. Waang', '6412', 'Perempuan', '03/24/2007', 5, 6, 4, 51, '2023-06-06 12:40:51', '2023-06-06 12:40:17'),
(555, 'Jessie C. M. Weni', '3192', 'Perempuan', '05/04/2007', 5, 6, 4, 51, '2023-06-06 12:44:12', '2023-06-06 12:44:12'),
(556, 'Kevin T. Obisuru', '8521', 'Laki - laki', '03/08/2008', 5, 10, 4, 51, '2023-06-06 12:47:13', '2023-06-06 12:47:13'),
(557, 'Lodryson G. Maiateng', '5648', 'Laki - laki', '02/03/2007', 5, 12, 4, 51, '2023-06-06 12:50:42', '2023-06-06 12:50:42'),
(558, 'Maria Trisna Lanmai', '8097', 'Perempuan', '05/13/2007', 5, 11, 4, 51, '2023-06-06 12:53:40', '2023-06-06 12:53:40'),
(559, 'Mecy W. Animani', '3588', 'Perempuan', '05/20/2007', 5, 9, 4, 51, '2023-06-06 12:57:59', '2023-06-06 12:57:59'),
(560, 'Naomi Tresa Plaimo', '8935', 'Perempuan', '02/06/2007', 5, 11, 4, 51, '2023-06-06 13:01:07', '2023-06-06 13:01:07'),
(561, 'Patrisya M. G. Millu', '5501', 'Perempuan', '05/07/2007', 5, 7, 4, 51, '2023-06-06 13:03:12', '2023-06-06 13:03:12'),
(562, 'Priskila I. Bako', '7092', 'Perempuan', '03/25/2007', 5, 11, 4, 51, '2023-06-06 13:06:00', '2023-06-06 13:06:00'),
(563, 'Putri R. Mahmud', '0107', 'Perempuan', '10/05/2007', 5, 12, 4, 51, '2023-06-06 13:09:50', '2023-06-06 13:09:50'),
(564, 'Rambu R. Dakamaku', '7471', 'Perempuan', '01/27/2008', 5, 6, 4, 51, '2023-06-06 13:13:40', '2023-06-06 13:13:40'),
(565, 'Ray T. Nitsae', '0833', 'Laki - laki', '05/12/2007', 5, 8, 4, 51, '2023-06-06 13:18:58', '2023-06-06 13:18:58'),
(566, 'Ruben Domilson Bery', '9736', 'Laki - laki', '01/22/2007', 9, 17, 4, 51, '2023-06-06 13:24:15', '2023-06-06 13:24:15'),
(567, 'Sammy Saputra', '0279', 'Laki - laki', '03/29/2007', 5, 13, 4, 51, '2023-06-06 13:27:04', '2023-06-06 13:27:04'),
(568, 'Stiven A. Tang', '5355', 'Laki - laki', '09/14/2007', 5, 12, 4, 51, '2023-06-06 13:31:28', '2023-06-06 13:31:28'),
(569, 'Adhy Yosua Mol', '9430', 'Laki - laki', '01/10/2007', 5, 8, 4, 52, '2023-06-06 13:33:51', '2023-06-06 13:33:51'),
(570, 'Anang Mahmud', '8946', 'Laki - laki', '03/19/2007', 5, 10, 4, 52, '2023-06-06 13:35:46', '2023-06-06 13:35:46'),
(571, 'Andika R. T. Manikita', '6486', 'Laki - laki', '01/15/2007', 5, 8, 4, 52, '2023-06-06 13:38:09', '2023-06-06 13:38:09'),
(572, 'Andre H. Lily', '6892', 'Laki - laki', '12/06/2007', 5, 9, 4, 52, '2023-06-06 13:39:59', '2023-06-06 13:39:59'),
(573, 'Basyir Sabirin', '5821', 'Laki - laki', '04/26/2007', 5, 6, 4, 52, '2023-06-06 13:42:42', '2023-06-06 13:42:42'),
(574, 'Cindi C. Halundaka', '1389', 'Perempuan', '11/12/2007', 5, 12, 4, 52, '2023-06-06 13:44:42', '2023-06-06 13:44:42'),
(575, 'Cinta A. Tukan', '3895', 'Perempuan', '04/03/2007', 5, 10, 4, 52, '2023-06-06 13:46:23', '2023-06-06 13:46:23'),
(576, 'Condorisa C. R. Alokabel', '1777', 'Perempuan', '05/30/2007', 5, 7, 4, 52, '2023-06-06 13:48:51', '2023-06-06 13:48:51'),
(577, 'Daniel S. Etikamena', '5069', 'Laki - laki', '06/11/2007', 5, 11, 4, 52, '2023-06-06 13:50:54', '2023-06-06 13:50:54'),
(578, 'Dea A. Nggadas', '1953', 'Perempuan', '05/24/2008', 5, 11, 4, 52, '2023-06-06 13:52:56', '2023-06-06 13:52:56'),
(579, 'Delon J. Beri', '2826', 'Laki - laki', '12/19/2007', 5, 9, 4, 52, '2023-06-06 13:55:13', '2023-06-06 13:55:13'),
(580, 'Ester R. M. Mansari', '3636', 'Perempuan', '03/28/2007', 5, 11, 4, 52, '2023-06-06 13:57:50', '2023-06-06 13:57:50'),
(581, 'Euagalion A. Mouwdael', '0161', 'Perempuan', '09/13/2006', 5, 6, 4, 52, '2023-06-06 14:00:06', '2023-06-06 14:00:06'),
(582, 'Excell G. Taray', '0588', 'Laki - laki', '05/23/2007', 5, 8, 4, 52, '2023-06-06 14:11:28', '2023-06-06 14:11:28'),
(583, 'Firstina C. D. Buling', '5172', 'Perempuan', '02/27/2007', 5, 11, 4, 52, '2023-06-06 14:18:18', '2023-06-06 14:18:18'),
(584, 'Grace M. Anigomang', '9569', 'Perempuan', '06/16/2007', 5, 12, 4, 52, '2023-06-06 14:23:36', '2023-06-06 14:23:36'),
(585, 'Handini S. N. Sirituka', '2171', 'Perempuan', '06/15/2007', 5, 7, 4, 52, '2023-06-06 15:25:22', '2023-06-06 15:25:22'),
(586, 'John A. Lainlou', '6535', 'Laki - laki', '11/13/2006', 5, 12, 4, 52, '2023-06-06 15:41:03', '2023-06-06 15:41:03'),
(587, 'Krisandi Tubulau', '5578', 'Laki - laki', '08/10/2007', 5, 10, 4, 52, '2023-06-06 15:48:49', '2023-06-06 15:48:49'),
(588, 'Ladywinda C. Dalimartin', '1593', 'Perempuan', '09/28/2007', 5, 12, 4, 52, '2023-06-06 15:52:48', '2023-06-06 15:52:48'),
(589, 'Latif Purnomo', '4269', 'Laki - laki', '08/29/2007', 5, 10, 4, 52, '2023-06-06 15:59:55', '2023-06-06 15:59:55'),
(590, 'Lodia F. Ena', '8626', 'Perempuan', '02/23/2007', 5, 6, 4, 52, '2023-06-06 16:07:01', '2023-06-06 16:07:01'),
(591, 'Maria V. Lilo', '6708', 'Perempuan', '05/22/2007', 7, 15, 4, 52, '2023-06-06 16:12:37', '2023-06-06 16:12:37'),
(592, 'Megalin H. Mangalapi', '9616', 'Perempuan', '03/24/2007', 5, 9, 4, 52, '2023-06-06 16:16:41', '2023-06-06 16:16:41'),
(593, 'Muhammad H. Z. Dami', '4530', 'Laki - laki', '12/24/2006', 5, 6, 4, 52, '2023-06-06 16:21:15', '2023-06-06 16:21:15'),
(594, 'Reyhan Farhansyah', '6851', 'Laki - laki', '03/24/2007', 5, 9, 4, 52, '2023-06-06 16:25:18', '2023-06-06 16:25:18'),
(595, 'Sepriyanto Tuaty', '1210', 'Laki - laki', '09/11/2007', 5, 11, 4, 52, '2023-06-06 16:27:29', '2023-06-06 16:27:29'),
(596, 'Shereen L. Poprady', '1712', 'Perempuan', '03/25/2007', 5, 8, 4, 52, '2023-06-06 16:29:32', '2023-06-06 16:29:32'),
(597, 'Siti Nuraminah Arsyad', '6795', 'Perempuan', '08/01/2007', 5, 13, 4, 52, '2023-06-06 16:32:44', '2023-06-06 16:32:44'),
(598, 'Welhelmina C. Djahila', '2654', 'Perempuan', '03/02/2007', 5, 6, 4, 52, '2023-06-06 16:36:38', '2023-06-06 16:36:38'),
(599, 'Abdul Lutfin Bestain', '0573', 'Laki - Laki', '05/04/2008', 5, 8, 4, 53, '2023-06-06 17:09:50', '2023-06-06 17:09:24'),
(600, 'Amanda C. V. Olla', '5215', 'Perempuan', '09/16/2008', 5, 11, 4, 53, '2023-06-06 17:13:16', '2023-06-06 17:13:16'),
(601, 'Ardiyano S. Blegur', '2042', 'Laki - laki', '05/05/2008', 5, 6, 4, 53, '2023-06-06 17:15:36', '2023-06-06 17:15:36'),
(602, 'Axel Z. Onlet', '8924', 'Laki - laki', '08/27/2008', 5, 11, 4, 53, '2023-06-06 17:18:25', '2023-06-06 17:18:25'),
(603, 'Cheril E. Katfa', '5718', 'Perempuan', '11/13/2008', 5, 10, 4, 53, '2023-06-06 17:20:27', '2023-06-06 17:20:27'),
(604, 'Dalthin S. Pattisina', '2868', 'Laki - laki', '05/31/2008', 5, 11, 4, 53, '2023-06-06 17:22:54', '2023-06-06 17:22:54'),
(605, 'Danny Z. Nenu', '4922', 'Laki - laki', '04/22/2008', 5, 9, 4, 53, '2023-06-06 17:25:17', '2023-06-06 17:25:17'),
(606, 'Fransisco Y. A. Ome', '8256', 'Laki - laki', '10/04/2008', 5, 10, 4, 53, '2023-06-06 17:27:32', '2023-06-06 17:27:32'),
(607, 'Fridolin A. Lawuiltang', '3533', 'Laki - laki', '12/05/2008', 5, 12, 4, 53, '2023-06-06 17:29:51', '2023-06-06 17:29:51'),
(608, 'Hermin C. Oristha', '4895', 'Perempuan', '11/05/2007', 5, 11, 4, 53, '2023-06-06 17:33:35', '2023-06-06 17:33:35'),
(609, 'Ishak P. C. Haan', '8306', 'Laki - laki', '08/26/2008', 5, 8, 4, 53, '2023-06-06 17:35:57', '2023-06-06 17:35:57'),
(610, 'Jhon P. Buling', '1716', 'Laki - laki', '05/26/2008', 5, 6, 4, 53, '2023-06-06 17:38:32', '2023-06-06 17:38:32'),
(611, 'Kerenhapukh D. Koda', '4591', 'Perempuan', '05/17/2008', 5, 6, 4, 53, '2023-06-06 17:41:41', '2023-06-06 17:41:41'),
(612, 'Kevin S. Selly', '0382', 'Laki - laki', '05/26/2008', 5, 7, 4, 53, '2023-06-06 17:44:41', '2023-06-06 17:44:41'),
(613, 'Louis A. C. Ahab', '5242', 'Laki - laki', '12/26/2007', 5, 12, 4, 53, '2023-06-06 17:48:30', '2023-06-06 17:48:30'),
(614, 'Luis Y. Tapaha', '9720', 'Laki - laki', '01/27/2008', 5, 11, 4, 53, '2023-06-06 17:51:21', '2023-06-06 17:51:21'),
(615, 'Marcela J. Bolang', '0907', 'Perempuan', '03/06/2008', 5, 9, 4, 53, '2023-06-06 17:54:27', '2023-06-06 17:54:27'),
(616, 'Maria L. A. G. Moruk', '1380', 'Perempuan', '12/19/2007', 5, 12, 4, 53, '2023-06-06 17:57:35', '2023-06-06 17:57:35'),
(617, 'Meiklien A. Buling', '4687', 'Laki - laki', '05/29/2007', 5, 13, 4, 53, '2023-06-06 18:00:59', '2023-06-06 18:00:59'),
(618, 'Mira Putri Un Meol', '0520', 'Perempuan', '09/29/2008', 5, 10, 4, 53, '2023-06-06 18:03:57', '2023-06-06 18:03:57'),
(619, 'Mu\'minah Kadir', '1294', 'Perempuan', '03/05/2008', 5, 9, 4, 53, '2023-06-06 18:07:06', '2023-06-06 18:07:06'),
(620, 'Naftalyah Manibuka', '3212', 'Perempuan', '12/25/2006', 5, 6, 4, 53, '2023-06-06 18:09:21', '2023-06-06 18:09:21'),
(621, 'Natasya S. Husain', '8189', 'Perempuan', '06/07/2008', 5, 6, 4, 53, '2023-06-06 18:11:41', '2023-06-06 18:11:41'),
(622, 'Nikita S. Mahammad', '5987', 'Perempuan', '08/07/2007', 5, 9, 4, 53, '2023-06-06 18:13:28', '2023-06-06 18:13:28'),
(623, 'Oktofia F. Abor', '7881', 'Perempuan', '10/10/2007', 5, 7, 4, 53, '2023-06-06 18:15:36', '2023-06-06 18:15:36'),
(624, 'Rangga Malailak', '1745', 'Laki - laki', '04/04/2008', 5, 9, 4, 53, '2023-06-06 18:17:28', '2023-06-06 18:17:28'),
(625, 'Sishidayah Rahmatu Imang', '7736', 'Laki - Laki', '12/04/2007', 5, 6, 4, 53, '2023-06-06 18:21:19', '2023-06-06 18:20:08'),
(626, 'Stevy A. Sailana', '7849', 'Perempuan', '04/28/2008', 5, 12, 4, 53, '2023-06-06 18:22:44', '2023-06-06 18:22:44'),
(627, 'Vicky F. Manikita', '4155', 'Laki - laki', '02/10/2008', 5, 13, 4, 53, '2023-06-06 18:24:57', '2023-06-06 18:24:57'),
(628, 'Yulianti T. Mail', '3300', 'Perempuan', '06/04/2007', 5, 6, 4, 53, '2023-06-06 18:26:43', '2023-06-06 18:26:43'),
(629, 'Agnes G. A. Wahon', '4649', 'Perempuan', '04/16/2008', 5, 9, 4, 54, '2023-06-06 18:28:48', '2023-06-06 18:28:48'),
(630, 'Agung O. P. Lalangpuling', '2547', 'Laki - laki', '01/26/2008', 5, 10, 4, 54, '2023-06-06 18:30:40', '2023-06-06 18:30:40'),
(631, 'Ale F. Penlaana', '8299', 'Laki - laki', '02/20/2008', 5, 13, 4, 54, '2023-06-06 18:32:45', '2023-06-06 18:32:45'),
(632, 'Allzandro P. Boling', '9544', 'Laki - laki', '04/14/2008', 9, 17, 4, 54, '2023-06-06 18:35:44', '2023-06-06 18:35:44'),
(633, 'Braylens Manobe', '6198', 'Laki - laki', '01/02/2008', 9, 17, 4, 54, '2023-06-06 18:37:33', '2023-06-06 18:37:33'),
(634, 'Cristofel Makunimau', '6170', 'Laki - laki', '09/15/2008', 5, 12, 4, 54, '2023-06-06 18:39:18', '2023-06-06 18:39:18'),
(635, 'Desi O. Sir', '8666', 'Perempuan', '12/03/2009', 6, 14, 4, 54, '2023-06-06 18:42:47', '2023-06-06 18:42:47'),
(636, 'Dian T.Moaley', '3072', 'Perempuan', '02/27/2008', 5, 11, 4, 54, '2023-06-06 18:46:38', '2023-06-06 18:46:38'),
(637, 'Erlina J. R. Saitakela', '9066', 'Perempuan', '01/27/2008', 5, 12, 4, 54, '2023-06-06 18:48:33', '2023-06-06 18:48:33'),
(638, 'Evelyn C. Waang', '5763', 'Perempuan', '06/17/2008', 5, 12, 4, 54, '2023-06-06 18:51:10', '2023-06-06 18:51:10');

-- --------------------------------------------------------

--
-- Table structure for table `siswa_sub_kriteria`
--

CREATE TABLE `siswa_sub_kriteria` (
  `id` bigint(20) UNSIGNED NOT NULL,
  `siswa_id` bigint(20) UNSIGNED NOT NULL,
  `kriteria_id` bigint(20) UNSIGNED DEFAULT NULL,
  `sub_kriteria_id` bigint(20) UNSIGNED NOT NULL,
  `updated_at` timestamp NULL DEFAULT NULL,
  `created_at` timestamp NULL DEFAULT NULL
) ENGINE=InnoDB DEFAULT CHARSET=utf8mb4 COLLATE=utf8mb4_general_ci;

--
-- Dumping data for table `siswa_sub_kriteria`
--

INSERT INTO `siswa_sub_kriteria` (`id`, `siswa_id`, `kriteria_id`, `sub_kriteria_id`, `updated_at`, `created_at`) VALUES
(1711, 17, 16, 9, '2023-06-03 23:50:08', '2023-05-22 01:31:14'),
(1712, 17, 18, 10, '2023-06-03 23:50:40', '2023-05-22 02:58:35'),
(1716, 17, 19, 15, '2023-06-03 23:53:42', '2023-06-02 23:33:56'),
(1717, 17, 20, 20, '2023-06-03 23:55:43', '2023-06-03 23:55:43'),
(1718, 18, 16, 6, '2023-06-03 23:56:39', '2023-06-03 23:56:39'),
(1719, 18, 18, 6, '2023-06-03 23:57:22', '2023-06-03 23:57:22'),
(1720, 18, 19, 13, '2023-06-03 23:58:00', '2023-06-03 23:58:00'),
(1721, 18, 20, 16, '2023-06-03 23:58:45', '2023-06-03 23:58:45'),
(1722, 19, 16, 7, '2023-06-03 23:59:54', '2023-06-03 23:59:54'),
(1723, 19, 18, 7, '2023-06-04 00:00:41', '2023-06-04 00:00:41'),
(1724, 19, 19, 13, '2023-06-04 00:01:13', '2023-06-04 00:01:13'),
(1725, 19, 20, 17, '2023-06-04 00:01:46', '2023-06-04 00:01:46'),
(1726, 20, 16, 9, '2023-06-04 00:02:36', '2023-06-04 00:02:36'),
(1727, 20, 18, 9, '2023-06-04 00:03:09', '2023-06-04 00:03:09'),
(1728, 20, 19, 15, '2023-06-04 00:03:48', '2023-06-04 00:03:48'),
(1729, 20, 20, 18, '2023-06-04 00:04:24', '2023-06-04 00:04:24'),
(1730, 21, 16, 7, '2023-06-04 00:04:59', '2023-06-04 00:04:59'),
(1731, 21, 18, 7, '2023-06-04 00:05:27', '2023-06-04 00:05:27'),
(1732, 21, 19, 13, '2023-06-04 00:05:49', '2023-06-04 00:05:49'),
(1733, 21, 20, 16, '2023-06-04 00:06:16', '2023-06-04 00:06:16'),
(1734, 22, 16, 7, '2023-06-07 02:41:31', '2023-06-04 15:03:20'),
(1738, 23, 16, 7, '2023-06-04 15:05:58', '2023-06-04 15:05:58'),
(1739, 23, 18, 7, '2023-06-04 15:06:31', '2023-06-04 15:06:31'),
(1740, 23, 19, 14, '2023-06-04 15:07:16', '2023-06-04 15:07:16'),
(1741, 23, 20, 16, '2023-06-04 15:07:59', '2023-06-04 15:07:59'),
(1742, 25, 16, 9, '2023-06-04 15:08:34', '2023-06-04 15:08:34'),
(1743, 25, 18, 9, '2023-06-04 15:08:58', '2023-06-04 15:08:58'),
(1744, 25, 19, 14, '2023-06-04 15:09:19', '2023-06-04 15:09:19'),
(1745, 25, 20, 17, '2023-06-04 15:09:51', '2023-06-04 15:09:51'),
(1746, 26, 16, 9, '2023-06-04 15:10:41', '2023-06-04 15:10:41'),
(1747, 26, 18, 7, '2023-06-04 15:11:30', '2023-06-04 15:11:30'),
(1748, 26, 19, 14, '2023-06-04 15:11:57', '2023-06-04 15:11:57'),
(1749, 26, 20, 17, '2023-06-04 15:12:31', '2023-06-04 15:12:31'),
(1750, 27, 16, 10, '2023-06-04 15:13:03', '2023-06-04 15:13:03'),
(1751, 27, 18, 7, '2023-06-04 15:13:39', '2023-06-04 15:13:39'),
(1752, 27, 19, 15, '2023-06-04 15:14:02', '2023-06-04 15:14:02'),
(1753, 27, 20, 16, '2023-06-04 15:14:39', '2023-06-04 15:14:39'),
(1754, 28, 16, 6, '2023-06-04 15:15:13', '2023-06-04 15:15:13'),
(1755, 28, 18, 10, '2023-06-04 15:15:42', '2023-06-04 15:15:42'),
(1756, 28, 19, 14, '2023-06-04 15:16:12', '2023-06-04 15:16:12'),
(1757, 28, 20, 16, '2023-06-04 15:16:49', '2023-06-04 15:16:49'),
(1758, 29, 16, 7, '2023-06-04 15:17:16', '2023-06-04 15:17:16'),
(1759, 29, 18, 9, '2023-06-04 15:17:36', '2023-06-04 15:17:36'),
(1760, 29, 19, 13, '2023-06-04 15:18:16', '2023-06-04 15:18:16'),
(1761, 29, 20, 16, '2023-06-04 15:18:41', '2023-06-04 15:18:41'),
(1762, 30, 16, 9, '2023-06-04 15:19:18', '2023-06-04 15:19:18'),
(1763, 30, 18, 6, '2023-06-04 15:19:34', '2023-06-04 15:19:34'),
(1764, 30, 19, 13, '2023-06-04 15:19:58', '2023-06-04 15:19:58'),
(1765, 30, 20, 20, '2023-06-04 15:20:26', '2023-06-04 15:20:26'),
(1766, 31, 16, 7, '2023-06-04 15:21:08', '2023-06-04 15:21:08'),
(1767, 31, 18, 7, '2023-06-04 15:21:30', '2023-06-04 15:21:30'),
(1768, 31, 19, 13, '2023-06-04 15:21:50', '2023-06-04 15:21:50'),
(1769, 31, 20, 17, '2023-06-04 15:22:17', '2023-06-04 15:22:17'),
(1770, 32, 16, 6, '2023-06-04 15:22:49', '2023-06-04 15:22:49'),
(1771, 32, 18, 9, '2023-06-04 15:23:19', '2023-06-04 15:23:19'),
(1772, 32, 19, 13, '2023-06-04 15:23:38', '2023-06-04 15:23:38'),
(1773, 32, 20, 16, '2023-06-04 15:23:59', '2023-06-04 15:23:59'),
(1774, 33, 16, 7, '2023-06-04 15:25:03', '2023-06-04 15:25:03'),
(1775, 33, 18, 7, '2023-06-04 15:25:38', '2023-06-04 15:25:38'),
(1776, 33, 19, 15, '2023-06-04 15:25:58', '2023-06-04 15:25:58'),
(1777, 33, 20, 16, '2023-06-04 15:26:19', '2023-06-04 15:26:19'),
(1778, 34, 16, 9, '2023-06-04 15:27:02', '2023-06-04 15:27:02'),
(1779, 34, 18, 7, '2023-06-04 15:27:24', '2023-06-04 15:27:24'),
(1780, 34, 19, 13, '2023-06-04 15:27:55', '2023-06-04 15:27:55'),
(1781, 34, 20, 18, '2023-06-04 15:28:20', '2023-06-04 15:28:20'),
(1782, 35, 16, 7, '2023-06-04 15:29:00', '2023-06-04 15:29:00'),
(1783, 35, 18, 7, '2023-06-04 15:30:28', '2023-06-04 15:29:17'),
(1784, 35, 19, 13, '2023-06-04 15:29:38', '2023-06-04 15:29:38'),
(1785, 35, 20, 17, '2023-06-04 15:29:55', '2023-06-04 15:29:55'),
(1786, 36, 16, 7, '2023-06-04 15:31:12', '2023-06-04 15:31:12'),
(1787, 36, 18, 9, '2023-06-04 15:31:38', '2023-06-04 15:31:38'),
(1788, 36, 19, 14, '2023-06-04 15:32:03', '2023-06-04 15:32:03'),
(1789, 36, 20, 16, '2023-06-04 15:32:25', '2023-06-04 15:32:25'),
(1790, 37, 16, 10, '2023-06-04 15:32:55', '2023-06-04 15:32:55'),
(1791, 37, 18, 9, '2023-06-07 00:49:40', '2023-06-04 15:33:17'),
(1792, 37, 19, 14, '2023-06-04 15:33:40', '2023-06-04 15:33:40'),
(1793, 37, 20, 20, '2023-06-04 15:34:14', '2023-06-04 15:34:14'),
(1798, 444, 16, 6, '2023-06-05 13:06:30', '2023-06-05 13:06:30'),
(1799, 444, 18, 6, '2023-06-05 13:07:02', '2023-06-05 13:07:02'),
(1800, 444, 19, 14, '2023-06-05 13:09:27', '2023-06-05 13:09:27'),
(1801, 444, 20, 18, '2023-06-05 13:10:22', '2023-06-05 13:10:22'),
(1802, 446, 16, 7, '2023-06-05 13:11:21', '2023-06-05 13:11:21'),
(1803, 446, 18, 6, '2023-06-05 13:11:49', '2023-06-05 13:11:49'),
(1804, 446, 19, 12, '2023-06-05 13:12:17', '2023-06-05 13:12:17'),
(1805, 446, 20, 16, '2023-06-05 13:12:36', '2023-06-05 13:12:36'),
(1806, 447, 16, 10, '2023-06-05 13:14:51', '2023-06-05 13:13:07'),
(1807, 447, 18, 6, '2023-06-05 13:13:28', '2023-06-05 13:13:28'),
(1808, 447, 19, 15, '2023-06-05 13:14:20', '2023-06-05 13:14:20'),
(1809, 447, 20, 20, '2023-06-05 13:15:14', '2023-06-05 13:15:14'),
(1810, 448, 16, 5, '2023-06-05 13:15:34', '2023-06-05 13:15:34'),
(1811, 448, 18, 5, '2023-06-05 13:16:00', '2023-06-05 13:16:00'),
(1812, 448, 19, 12, '2023-06-05 13:17:02', '2023-06-05 13:17:02'),
(1813, 448, 20, 18, '2023-06-05 13:17:26', '2023-06-05 13:17:26'),
(1814, 449, 16, 9, '2023-06-05 13:18:06', '2023-06-05 13:18:06'),
(1815, 449, 18, 6, '2023-06-05 13:18:26', '2023-06-05 13:18:26'),
(1816, 449, 19, 13, '2023-06-05 13:18:55', '2023-06-05 13:18:55'),
(1817, 449, 20, 17, '2023-06-05 13:19:25', '2023-06-05 13:19:25'),
(1818, 450, 16, 9, '2023-06-05 13:19:51', '2023-06-05 13:19:51'),
(1819, 450, 18, 7, '2023-06-05 13:20:10', '2023-06-05 13:20:10'),
(1820, 450, 19, 15, '2023-06-05 13:20:50', '2023-06-05 13:20:50'),
(1821, 450, 20, 18, '2023-06-05 13:21:14', '2023-06-05 13:21:14'),
(1822, 451, 16, 6, '2023-06-05 13:21:41', '2023-06-05 13:21:41'),
(1823, 451, 18, 6, '2023-06-05 13:21:56', '2023-06-05 13:21:56'),
(1824, 451, 19, 15, '2023-06-05 13:22:29', '2023-06-05 13:22:29'),
(1825, 451, 20, 19, '2023-06-05 13:22:56', '2023-06-05 13:22:56'),
(1826, 452, 16, 5, '2023-06-05 13:23:22', '2023-06-05 13:23:22'),
(1827, 452, 18, 5, '2023-06-05 13:23:39', '2023-06-05 13:23:39'),
(1828, 452, 19, 14, '2023-06-05 13:24:30', '2023-06-05 13:24:30'),
(1829, 452, 20, 18, '2023-06-05 13:24:52', '2023-06-05 13:24:52'),
(1830, 453, 16, 7, '2023-06-05 13:25:11', '2023-06-05 13:25:11'),
(1831, 453, 18, 6, '2023-06-05 13:25:42', '2023-06-05 13:25:42'),
(1832, 453, 19, 15, '2023-06-05 13:26:15', '2023-06-05 13:26:15'),
(1833, 453, 20, 17, '2023-06-05 13:26:34', '2023-06-05 13:26:34'),
(1834, 454, 16, 7, '2023-06-05 13:27:10', '2023-06-05 13:27:10'),
(1835, 454, 18, 6, '2023-06-05 13:27:29', '2023-06-05 13:27:29'),
(1836, 454, 19, 14, '2023-06-05 13:28:02', '2023-06-05 13:28:02'),
(1837, 454, 20, 18, '2023-06-05 13:28:20', '2023-06-05 13:28:20'),
(1838, 455, 16, 7, '2023-06-05 19:03:44', '2023-06-05 19:03:44'),
(1839, 455, 18, 7, '2023-06-05 19:04:02', '2023-06-05 19:04:02'),
(1840, 455, 19, 15, '2023-06-05 19:04:35', '2023-06-05 19:04:35'),
(1841, 455, 20, 17, '2023-06-05 19:04:56', '2023-06-05 19:04:56'),
(1842, 456, 16, 9, '2023-06-05 19:05:26', '2023-06-05 19:05:26'),
(1843, 456, 18, 9, '2023-06-05 19:05:50', '2023-06-05 19:05:50'),
(1844, 456, 19, 15, '2023-06-05 19:06:17', '2023-06-05 19:06:17'),
(1845, 456, 20, 18, '2023-06-05 19:06:41', '2023-06-05 19:06:41'),
(1846, 457, 16, 5, '2023-06-05 19:07:21', '2023-06-05 19:07:21'),
(1847, 457, 18, 5, '2023-06-05 19:07:54', '2023-06-05 19:07:54'),
(1848, 457, 19, 15, '2023-06-05 19:08:45', '2023-06-05 19:08:45'),
(1849, 457, 20, 19, '2023-06-05 19:09:28', '2023-06-05 19:09:28'),
(1850, 458, 16, 7, '2023-06-05 19:09:56', '2023-06-05 19:09:56'),
(1851, 458, 18, 7, '2023-06-05 19:10:25', '2023-06-05 19:10:25'),
(1852, 458, 19, 14, '2023-06-05 19:11:02', '2023-06-05 19:11:02'),
(1853, 458, 20, 17, '2023-06-05 19:11:31', '2023-06-05 19:11:31'),
(1854, 459, 16, 7, '2023-06-05 19:12:54', '2023-06-05 19:12:54'),
(1855, 459, 18, 7, '2023-06-05 19:13:27', '2023-06-05 19:13:27'),
(1856, 459, 19, 15, '2023-06-05 19:14:15', '2023-06-05 19:14:15'),
(1857, 459, 20, 17, '2023-06-05 19:14:35', '2023-06-05 19:14:35'),
(1858, 460, 16, 9, '2023-06-05 19:15:06', '2023-06-05 19:15:06'),
(1859, 460, 18, 7, '2023-06-05 19:15:32', '2023-06-05 19:15:32'),
(1860, 460, 19, 12, '2023-06-05 19:15:55', '2023-06-05 19:15:55'),
(1861, 460, 20, 16, '2023-06-05 19:16:24', '2023-06-05 19:16:24'),
(1862, 461, 16, 5, '2023-06-05 19:17:10', '2023-06-05 19:17:10'),
(1863, 461, 18, 5, '2023-06-05 19:18:03', '2023-06-05 19:18:03'),
(1864, 461, 19, 15, '2023-06-05 19:18:46', '2023-06-05 19:18:46'),
(1865, 461, 20, 20, '2023-06-05 19:19:07', '2023-06-05 19:19:07'),
(1866, 462, 16, 9, '2023-06-05 19:20:40', '2023-06-05 19:20:40'),
(1867, 462, 18, 9, '2023-06-05 19:21:06', '2023-06-05 19:21:06'),
(1868, 462, 19, 11, '2023-06-05 19:21:36', '2023-06-05 19:21:36'),
(1869, 462, 20, 18, '2023-06-05 19:21:57', '2023-06-05 19:21:57'),
(1870, 463, 16, 6, '2023-06-05 19:22:28', '2023-06-05 19:22:28'),
(1871, 463, 18, 6, '2023-06-05 19:23:21', '2023-06-05 19:23:21'),
(1872, 463, 19, 12, '2023-06-05 19:23:41', '2023-06-05 19:23:41'),
(1873, 463, 20, 18, '2023-06-05 19:24:09', '2023-06-05 19:24:09'),
(1874, 464, 16, 9, '2023-06-05 19:26:07', '2023-06-05 19:26:07'),
(1875, 464, 18, 9, '2023-06-05 19:26:26', '2023-06-05 19:26:26'),
(1876, 464, 19, 13, '2023-06-05 19:27:06', '2023-06-05 19:27:06'),
(1877, 464, 20, 19, '2023-06-05 19:27:31', '2023-06-05 19:27:31'),
(1878, 465, 16, 7, '2023-06-05 19:28:30', '2023-06-05 19:28:30'),
(1879, 465, 18, 5, '2023-06-05 19:28:46', '2023-06-05 19:28:46'),
(1880, 465, 19, 11, '2023-06-05 19:29:06', '2023-06-05 19:29:06'),
(1881, 465, 20, 19, '2023-06-05 19:29:26', '2023-06-05 19:29:26'),
(1882, 466, 16, 6, '2023-06-05 19:29:48', '2023-06-05 19:29:48'),
(1883, 466, 18, 6, '2023-06-05 19:30:05', '2023-06-05 19:30:05'),
(1884, 466, 19, 12, '2023-06-05 19:30:27', '2023-06-05 19:30:27'),
(1885, 466, 20, 17, '2023-06-05 19:30:45', '2023-06-05 19:30:45'),
(1886, 467, 16, 7, '2023-06-05 19:31:14', '2023-06-05 19:31:14'),
(1887, 467, 18, 7, '2023-06-05 19:31:41', '2023-06-05 19:31:41'),
(1888, 467, 19, 15, '2023-06-05 19:32:36', '2023-06-05 19:32:36'),
(1889, 467, 20, 19, '2023-06-05 19:32:53', '2023-06-05 19:32:53'),
(1890, 468, 16, 6, '2023-06-05 19:33:19', '2023-06-05 19:33:19'),
(1891, 468, 18, 5, '2023-06-05 19:33:35', '2023-06-05 19:33:35'),
(1892, 468, 19, 12, '2023-06-05 19:34:01', '2023-06-05 19:34:01'),
(1893, 468, 20, 17, '2023-06-05 19:34:20', '2023-06-05 19:34:20'),
(1894, 469, 16, 7, '2023-06-05 19:40:17', '2023-06-05 19:40:17'),
(1895, 469, 18, 6, '2023-06-05 19:40:45', '2023-06-05 19:40:45'),
(1896, 469, 19, 12, '2023-06-05 19:42:17', '2023-06-05 19:42:17'),
(1897, 469, 20, 17, '2023-06-05 19:42:43', '2023-06-05 19:42:43'),
(1898, 470, 16, 7, '2023-06-05 19:43:17', '2023-06-05 19:43:17'),
(1899, 470, 18, 6, '2023-06-05 19:43:48', '2023-06-05 19:43:48'),
(1900, 470, 19, 11, '2023-06-05 19:44:13', '2023-06-05 19:44:13'),
(1901, 470, 20, 19, '2023-06-05 19:45:04', '2023-06-05 19:45:04'),
(1902, 471, 16, 7, '2023-06-05 19:46:46', '2023-06-05 19:46:46'),
(1903, 471, 18, 6, '2023-06-05 19:47:11', '2023-06-05 19:47:11'),
(1904, 471, 19, 15, '2023-06-05 19:47:39', '2023-06-05 19:47:39'),
(1905, 471, 20, 20, '2023-06-05 19:48:11', '2023-06-05 19:48:11'),
(1906, 472, 16, 7, '2023-06-05 19:48:47', '2023-06-05 19:48:47'),
(1907, 472, 18, 6, '2023-06-05 19:49:18', '2023-06-05 19:49:18'),
(1908, 472, 19, 12, '2023-06-05 19:49:52', '2023-06-05 19:49:52'),
(1909, 472, 20, 18, '2023-06-05 19:50:19', '2023-06-05 19:50:19'),
(1910, 473, 16, 7, '2023-06-05 19:50:49', '2023-06-05 19:50:49'),
(1911, 473, 18, 7, '2023-06-05 19:51:11', '2023-06-05 19:51:11'),
(1912, 473, 19, 11, '2023-06-05 19:51:47', '2023-06-05 19:51:47'),
(1913, 473, 20, 16, '2023-06-05 19:52:09', '2023-06-05 19:52:09'),
(1914, 474, 16, 9, '2023-06-05 19:52:41', '2023-06-05 19:52:41'),
(1915, 474, 18, 9, '2023-06-05 19:53:06', '2023-06-05 19:53:06'),
(1916, 474, 19, 12, '2023-06-05 19:53:37', '2023-06-05 19:53:37'),
(1917, 474, 20, 17, '2023-06-05 19:54:04', '2023-06-05 19:54:04'),
(1918, 475, 16, 7, '2023-06-05 20:24:57', '2023-06-05 20:24:57'),
(1919, 475, 18, 7, '2023-06-05 20:25:22', '2023-06-05 20:25:22'),
(1920, 475, 19, 14, '2023-06-05 20:26:07', '2023-06-05 20:26:07'),
(1921, 475, 20, 17, '2023-06-05 20:27:22', '2023-06-05 20:27:22'),
(1922, 476, 16, 6, '2023-06-05 20:27:52', '2023-06-05 20:27:52'),
(1923, 476, 18, 5, '2023-06-05 20:28:27', '2023-06-05 20:28:27'),
(1924, 476, 19, 15, '2023-06-05 20:28:49', '2023-06-05 20:28:49'),
(1925, 476, 20, 18, '2023-06-05 20:29:06', '2023-06-05 20:29:06'),
(1926, 477, 16, 7, '2023-06-05 20:29:27', '2023-06-05 20:29:27'),
(1927, 477, 18, 6, '2023-06-05 20:29:42', '2023-06-05 20:29:42'),
(1928, 477, 19, 13, '2023-06-05 20:30:09', '2023-06-05 20:30:09'),
(1929, 477, 20, 17, '2023-06-05 20:30:24', '2023-06-05 20:30:24'),
(1930, 478, 16, 9, '2023-06-05 20:30:53', '2023-06-05 20:30:53'),
(1931, 478, 18, 6, '2023-06-05 20:31:10', '2023-06-05 20:31:10'),
(1932, 478, 19, 12, '2023-06-05 20:31:29', '2023-06-05 20:31:29'),
(1933, 478, 20, 18, '2023-06-05 20:31:46', '2023-06-05 20:31:46'),
(1934, 479, 16, 5, '2023-06-05 20:32:15', '2023-06-05 20:32:15'),
(1935, 479, 18, 5, '2023-06-05 20:32:30', '2023-06-05 20:32:30'),
(1936, 479, 19, 15, '2023-06-05 20:32:47', '2023-06-05 20:32:47'),
(1937, 479, 20, 20, '2023-06-05 20:33:05', '2023-06-05 20:33:05'),
(1938, 480, 16, 6, '2023-06-05 20:33:35', '2023-06-05 20:33:35'),
(1939, 480, 18, 5, '2023-06-05 20:33:53', '2023-06-05 20:33:53'),
(1940, 480, 19, 15, '2023-06-05 20:34:14', '2023-06-05 20:34:14'),
(1941, 480, 20, 17, '2023-06-05 20:34:35', '2023-06-05 20:34:35'),
(1942, 481, 16, 6, '2023-06-05 20:35:00', '2023-06-05 20:35:00'),
(1943, 481, 18, 6, '2023-06-05 20:35:20', '2023-06-05 20:35:20'),
(1944, 481, 19, 13, '2023-06-05 20:35:41', '2023-06-05 20:35:41'),
(1945, 481, 20, 17, '2023-06-05 20:36:04', '2023-06-05 20:36:04'),
(1946, 482, 16, 7, '2023-06-05 20:36:30', '2023-06-05 20:36:30'),
(1947, 482, 18, 5, '2023-06-05 20:36:44', '2023-06-05 20:36:44'),
(1948, 482, 19, 12, '2023-06-05 20:37:12', '2023-06-05 20:37:12'),
(1949, 482, 20, 20, '2023-06-05 20:37:34', '2023-06-05 20:37:34'),
(1950, 483, 16, 6, '2023-06-05 20:38:03', '2023-06-05 20:38:03'),
(1951, 483, 18, 5, '2023-06-05 20:38:19', '2023-06-05 20:38:19'),
(1952, 483, 19, 15, '2023-06-05 20:38:59', '2023-06-05 20:38:59'),
(1953, 483, 20, 18, '2023-06-05 20:39:17', '2023-06-05 20:39:17'),
(1954, 484, 16, 6, '2023-06-05 20:39:49', '2023-06-05 20:39:49'),
(1955, 484, 18, 5, '2023-06-05 20:40:10', '2023-06-05 20:40:10'),
(1956, 484, 19, 15, '2023-06-05 20:40:32', '2023-06-05 20:40:32'),
(1957, 484, 20, 18, '2023-06-05 20:41:00', '2023-06-05 20:41:00'),
(1958, 485, 16, 7, '2023-06-05 20:45:46', '2023-06-05 20:45:46'),
(1959, 485, 18, 5, '2023-06-05 20:46:07', '2023-06-05 20:46:07'),
(1960, 485, 19, 12, '2023-06-05 20:46:28', '2023-06-05 20:46:28'),
(1961, 485, 20, 18, '2023-06-05 20:46:52', '2023-06-05 20:46:52'),
(1962, 486, 16, 6, '2023-06-05 20:48:21', '2023-06-05 20:48:21'),
(1963, 486, 18, 5, '2023-06-05 20:48:42', '2023-06-05 20:48:42'),
(1964, 486, 19, 15, '2023-06-05 20:49:00', '2023-06-05 20:49:00'),
(1965, 486, 20, 17, '2023-06-05 20:49:16', '2023-06-05 20:49:16'),
(1966, 487, 16, 9, '2023-06-05 20:50:49', '2023-06-05 20:50:49'),
(1967, 487, 18, 7, '2023-06-05 20:51:16', '2023-06-05 20:51:16'),
(1968, 487, 19, 13, '2023-06-05 20:54:28', '2023-06-05 20:54:28'),
(1969, 487, 20, 20, '2023-06-05 20:54:54', '2023-06-05 20:54:54'),
(1970, 488, 16, 9, '2023-06-05 20:57:14', '2023-06-05 20:57:14'),
(1971, 488, 18, 9, '2023-06-05 20:57:32', '2023-06-05 20:57:32'),
(1972, 488, 19, 15, '2023-06-05 20:57:48', '2023-06-05 20:57:48'),
(1973, 488, 20, 19, '2023-06-05 20:58:11', '2023-06-05 20:58:11'),
(1974, 489, 16, 7, '2023-06-05 21:29:25', '2023-06-05 21:29:25'),
(1975, 489, 18, 6, '2023-06-05 21:29:42', '2023-06-05 21:29:42'),
(1976, 489, 19, 14, '2023-06-05 21:30:08', '2023-06-05 21:30:08'),
(1977, 489, 20, 17, '2023-06-05 21:30:39', '2023-06-05 21:30:39'),
(1978, 490, 16, 9, '2023-06-05 21:33:32', '2023-06-05 21:33:32'),
(1979, 490, 18, 7, '2023-06-05 21:34:01', '2023-06-05 21:34:01'),
(1980, 490, 19, 15, '2023-06-05 21:34:23', '2023-06-05 21:34:23'),
(1981, 490, 20, 18, '2023-06-05 21:37:34', '2023-06-05 21:37:34'),
(1982, 491, 16, 5, '2023-06-05 21:39:37', '2023-06-05 21:39:37'),
(1983, 491, 18, 5, '2023-06-05 21:39:54', '2023-06-05 21:39:54'),
(1984, 491, 19, 14, '2023-06-05 21:40:19', '2023-06-05 21:40:19'),
(1985, 491, 20, 18, '2023-06-05 21:40:40', '2023-06-05 21:40:40'),
(1986, 492, 16, 10, '2023-06-05 21:42:39', '2023-06-05 21:42:39'),
(1987, 492, 18, 9, '2023-06-05 21:43:00', '2023-06-05 21:43:00'),
(1988, 492, 19, 15, '2023-06-05 21:43:21', '2023-06-05 21:43:21'),
(1989, 492, 20, 19, '2023-06-05 21:43:42', '2023-06-05 21:43:42'),
(1990, 493, 16, 9, '2023-06-05 21:45:39', '2023-06-05 21:45:39'),
(1991, 493, 18, 6, '2023-06-05 21:46:09', '2023-06-05 21:46:09'),
(1992, 493, 19, 15, '2023-06-05 21:46:28', '2023-06-05 21:46:28'),
(1993, 493, 20, 17, '2023-06-05 21:46:55', '2023-06-05 21:46:55'),
(1994, 494, 16, 5, '2023-06-05 21:48:39', '2023-06-05 21:48:39'),
(1995, 494, 18, 6, '2023-06-05 21:48:59', '2023-06-05 21:48:59'),
(1996, 494, 19, 12, '2023-06-05 21:49:26', '2023-06-05 21:49:26'),
(1997, 494, 20, 18, '2023-06-05 21:49:58', '2023-06-05 21:49:58'),
(1998, 495, 16, 6, '2023-06-05 21:52:28', '2023-06-05 21:52:28'),
(1999, 495, 18, 6, '2023-06-05 21:53:05', '2023-06-05 21:53:05'),
(2000, 495, 19, 14, '2023-06-05 21:53:28', '2023-06-05 21:53:28'),
(2001, 495, 20, 18, '2023-06-05 21:53:52', '2023-06-05 21:53:52'),
(2002, 496, 16, 6, '2023-06-05 22:08:37', '2023-06-05 22:08:37'),
(2003, 496, 18, 5, '2023-06-05 22:16:40', '2023-06-05 22:16:40'),
(2004, 496, 19, 11, '2023-06-05 22:17:16', '2023-06-05 22:17:16'),
(2005, 496, 20, 17, '2023-06-05 22:17:53', '2023-06-05 22:17:53'),
(2006, 497, 16, 7, '2023-06-05 22:19:55', '2023-06-05 22:19:55'),
(2007, 497, 18, 7, '2023-06-05 22:20:38', '2023-06-05 22:20:38'),
(2008, 497, 19, 14, '2023-06-05 22:21:04', '2023-06-05 22:21:04'),
(2009, 497, 20, 18, '2023-06-05 22:21:35', '2023-06-05 22:21:35'),
(2010, 498, 16, 7, '2023-06-05 22:23:50', '2023-06-05 22:23:50'),
(2011, 498, 18, 5, '2023-06-05 22:24:26', '2023-06-05 22:24:26'),
(2012, 498, 19, 14, '2023-06-05 22:24:49', '2023-06-05 22:24:49'),
(2013, 498, 20, 17, '2023-06-05 22:25:17', '2023-06-05 22:25:17'),
(2014, 499, 16, 6, '2023-06-05 22:27:30', '2023-06-05 22:27:30'),
(2015, 499, 18, 5, '2023-06-05 22:28:20', '2023-06-05 22:28:20'),
(2016, 499, 19, 11, '2023-06-05 22:28:45', '2023-06-05 22:28:45'),
(2017, 499, 20, 17, '2023-06-05 22:29:19', '2023-06-05 22:29:19'),
(2018, 500, 16, 7, '2023-06-05 22:32:04', '2023-06-05 22:32:04'),
(2019, 500, 18, 5, '2023-06-05 22:32:49', '2023-06-05 22:32:49'),
(2020, 500, 19, 15, '2023-06-05 22:33:52', '2023-06-05 22:33:52'),
(2021, 500, 20, 17, '2023-06-05 22:34:38', '2023-06-05 22:34:38'),
(2022, 501, 16, 7, '2023-06-05 22:36:58', '2023-06-05 22:36:58'),
(2023, 501, 18, 6, '2023-06-05 22:37:23', '2023-06-05 22:37:23'),
(2024, 501, 19, 11, '2023-06-05 22:37:58', '2023-06-05 22:37:58'),
(2025, 501, 20, 18, '2023-06-05 22:38:30', '2023-06-05 22:38:30'),
(2026, 502, 16, 7, '2023-06-05 22:51:35', '2023-06-05 22:51:35'),
(2027, 502, 18, 7, '2023-06-05 22:52:06', '2023-06-05 22:52:06'),
(2028, 502, 19, 14, '2023-06-05 22:52:26', '2023-06-05 22:52:26'),
(2029, 502, 20, 16, '2023-06-05 22:52:49', '2023-06-05 22:52:49'),
(2030, 504, 16, 10, '2023-06-05 22:56:48', '2023-06-05 22:56:48'),
(2031, 504, 18, 10, '2023-06-05 22:57:13', '2023-06-05 22:57:13'),
(2032, 504, 19, 14, '2023-06-05 22:57:52', '2023-06-05 22:57:52'),
(2033, 504, 20, 18, '2023-06-05 22:58:21', '2023-06-05 22:58:21'),
(2034, 505, 16, 9, '2023-06-05 23:00:14', '2023-06-05 23:00:14'),
(2035, 505, 18, 7, '2023-06-05 23:00:37', '2023-06-05 23:00:37'),
(2036, 505, 19, 11, '2023-06-05 23:01:01', '2023-06-05 23:01:01'),
(2037, 505, 20, 18, '2023-06-05 23:01:25', '2023-06-05 23:01:25'),
(2038, 506, 16, 6, '2023-06-05 23:03:12', '2023-06-05 23:03:12'),
(2039, 506, 18, 5, '2023-06-05 23:03:32', '2023-06-05 23:03:32'),
(2040, 506, 19, 11, '2023-06-05 23:03:52', '2023-06-05 23:03:52'),
(2041, 506, 20, 16, '2023-06-05 23:04:12', '2023-06-05 23:04:12'),
(2042, 507, 16, 6, '2023-06-05 23:05:48', '2023-06-05 23:05:48'),
(2043, 507, 18, 6, '2023-06-05 23:06:12', '2023-06-05 23:06:12'),
(2044, 507, 19, 15, '2023-06-05 23:06:50', '2023-06-05 23:06:50'),
(2045, 507, 20, 17, '2023-06-05 23:07:22', '2023-06-05 23:07:22'),
(2046, 508, 16, 10, '2023-06-05 23:12:33', '2023-06-05 23:12:33'),
(2047, 508, 18, 10, '2023-06-05 23:12:54', '2023-06-05 23:12:54'),
(2048, 508, 19, 15, '2023-06-05 23:13:31', '2023-06-05 23:13:31'),
(2049, 508, 20, 18, '2023-06-05 23:14:05', '2023-06-05 23:14:05'),
(2050, 509, 16, 9, '2023-06-05 23:17:59', '2023-06-05 23:17:59'),
(2051, 509, 18, 7, '2023-06-05 23:18:27', '2023-06-05 23:18:27'),
(2052, 509, 19, 12, '2023-06-05 23:18:56', '2023-06-05 23:18:56'),
(2053, 509, 20, 17, '2023-06-05 23:19:31', '2023-06-05 23:19:31'),
(2054, 510, 16, 6, '2023-06-05 23:21:11', '2023-06-05 23:21:11'),
(2055, 510, 18, 6, '2023-06-05 23:27:41', '2023-06-05 23:27:41'),
(2056, 510, 19, 15, '2023-06-05 23:28:13', '2023-06-05 23:28:13'),
(2057, 510, 20, 18, '2023-06-05 23:29:00', '2023-06-05 23:28:32'),
(2058, 511, 16, 7, '2023-06-05 23:31:17', '2023-06-05 23:31:17'),
(2059, 511, 18, 6, '2023-06-05 23:31:47', '2023-06-05 23:31:47'),
(2060, 511, 19, 15, '2023-06-05 23:32:20', '2023-06-05 23:32:20'),
(2061, 511, 20, 18, '2023-06-05 23:32:51', '2023-06-05 23:32:51'),
(2062, 512, 16, 10, '2023-06-05 23:36:13', '2023-06-05 23:36:13'),
(2063, 512, 18, 5, '2023-06-05 23:36:45', '2023-06-05 23:36:45'),
(2064, 512, 19, 15, '2023-06-05 23:37:16', '2023-06-05 23:37:16'),
(2065, 512, 20, 17, '2023-06-05 23:37:39', '2023-06-05 23:37:39'),
(2066, 513, 16, 6, '2023-06-05 23:39:41', '2023-06-05 23:39:41'),
(2067, 513, 18, 6, '2023-06-05 23:40:05', '2023-06-05 23:40:05'),
(2068, 513, 19, 12, '2023-06-05 23:40:40', '2023-06-05 23:40:40'),
(2069, 513, 20, 17, '2023-06-05 23:41:27', '2023-06-05 23:41:27'),
(2070, 514, 16, 7, '2023-06-06 09:18:14', '2023-06-06 09:18:14'),
(2071, 514, 18, 6, '2023-06-06 09:18:39', '2023-06-06 09:18:39'),
(2072, 514, 19, 15, '2023-06-06 09:19:06', '2023-06-06 09:19:06'),
(2073, 514, 20, 20, '2023-06-06 09:19:31', '2023-06-06 09:19:31'),
(2074, 515, 16, 5, '2023-06-06 09:20:49', '2023-06-06 09:20:49'),
(2075, 515, 18, 5, '2023-06-06 09:21:11', '2023-06-06 09:21:11'),
(2076, 515, 19, 11, '2023-06-06 09:21:39', '2023-06-06 09:21:39'),
(2077, 515, 20, 17, '2023-06-06 09:22:05', '2023-06-06 09:22:05'),
(2078, 516, 16, 9, '2023-06-06 09:24:05', '2023-06-06 09:24:05'),
(2079, 516, 18, 9, '2023-06-06 09:24:24', '2023-06-06 09:24:24'),
(2080, 516, 19, 11, '2023-06-06 09:25:04', '2023-06-06 09:25:04'),
(2081, 516, 20, 20, '2023-06-06 09:25:39', '2023-06-06 09:25:39'),
(2082, 517, 16, 9, '2023-06-06 09:27:13', '2023-06-06 09:27:13'),
(2083, 517, 18, 7, '2023-06-06 09:27:40', '2023-06-06 09:27:40'),
(2084, 517, 19, 15, '2023-06-06 09:28:04', '2023-06-06 09:28:04'),
(2085, 517, 20, 17, '2023-06-06 09:28:27', '2023-06-06 09:28:27'),
(2086, 518, 16, 7, '2023-06-06 09:30:03', '2023-06-06 09:30:03'),
(2087, 518, 18, 5, '2023-06-06 09:30:28', '2023-06-06 09:30:28'),
(2088, 518, 19, 11, '2023-06-06 09:30:55', '2023-06-06 09:30:55'),
(2089, 518, 20, 18, '2023-06-06 09:31:19', '2023-06-06 09:31:19'),
(2090, 519, 16, 6, '2023-06-06 09:33:16', '2023-06-06 09:33:16'),
(2091, 503, 16, 7, '2023-06-06 09:35:29', '2023-06-06 09:35:29'),
(2092, 503, 18, 5, '2023-06-06 09:35:49', '2023-06-06 09:35:49'),
(2093, 503, 19, 14, '2023-06-06 09:36:14', '2023-06-06 09:36:14'),
(2094, 503, 20, 18, '2023-06-06 09:36:38', '2023-06-06 09:36:38'),
(2095, 519, 18, 5, '2023-06-06 09:45:18', '2023-06-06 09:45:18'),
(2096, 519, 19, 14, '2023-06-06 09:45:44', '2023-06-06 09:45:44'),
(2097, 519, 20, 19, '2023-06-06 09:46:11', '2023-06-06 09:46:11'),
(2098, 520, 16, 7, '2023-06-06 09:48:02', '2023-06-06 09:48:02'),
(2099, 520, 18, 5, '2023-06-06 09:48:22', '2023-06-06 09:48:22'),
(2100, 520, 19, 14, '2023-06-06 09:49:01', '2023-06-06 09:49:01'),
(2101, 520, 20, 20, '2023-06-06 09:49:38', '2023-06-06 09:49:38'),
(2102, 521, 16, 7, '2023-06-06 09:51:22', '2023-06-06 09:51:22'),
(2103, 521, 18, 5, '2023-06-06 09:58:04', '2023-06-06 09:58:04'),
(2104, 521, 19, 14, '2023-06-06 10:00:43', '2023-06-06 10:00:24'),
(2105, 521, 20, 18, '2023-06-06 10:01:18', '2023-06-06 10:01:18'),
(2106, 522, 16, 7, '2023-06-06 10:04:22', '2023-06-06 10:04:22'),
(2107, 522, 18, 5, '2023-06-06 10:04:43', '2023-06-06 10:04:43'),
(2108, 522, 19, 11, '2023-06-06 10:04:59', '2023-06-06 10:04:59'),
(2109, 522, 20, 19, '2023-06-06 10:05:28', '2023-06-06 10:05:28'),
(2110, 523, 16, 6, '2023-06-06 10:06:59', '2023-06-06 10:06:59'),
(2111, 523, 18, 5, '2023-06-06 10:07:28', '2023-06-06 10:07:28'),
(2112, 523, 19, 15, '2023-06-06 10:07:48', '2023-06-06 10:07:48'),
(2113, 523, 20, 17, '2023-06-06 10:08:06', '2023-06-06 10:08:06'),
(2114, 524, 16, 9, '2023-06-06 10:10:12', '2023-06-06 10:10:12'),
(2115, 524, 18, 7, '2023-06-06 10:10:31', '2023-06-06 10:10:31'),
(2116, 524, 19, 11, '2023-06-06 10:10:53', '2023-06-06 10:10:53'),
(2117, 524, 20, 17, '2023-06-06 10:11:20', '2023-06-06 10:11:20'),
(2118, 525, 16, 6, '2023-06-06 10:13:05', '2023-06-06 10:13:05'),
(2119, 525, 18, 5, '2023-06-06 10:13:28', '2023-06-06 10:13:28'),
(2120, 525, 19, 15, '2023-06-06 10:14:23', '2023-06-06 10:14:23'),
(2121, 525, 20, 16, '2023-06-06 10:14:55', '2023-06-06 10:14:55'),
(2122, 526, 16, 7, '2023-06-06 10:39:28', '2023-06-06 10:39:28'),
(2123, 526, 18, 6, '2023-06-06 10:40:04', '2023-06-06 10:40:04'),
(2124, 526, 19, 11, '2023-06-06 10:40:28', '2023-06-06 10:40:28'),
(2125, 526, 20, 17, '2023-06-06 10:40:51', '2023-06-06 10:40:51'),
(2126, 527, 16, 9, '2023-06-06 10:42:26', '2023-06-06 10:42:26'),
(2127, 527, 18, 6, '2023-06-06 10:42:56', '2023-06-06 10:42:56'),
(2128, 527, 19, 15, '2023-06-06 10:43:17', '2023-06-06 10:43:17'),
(2129, 527, 20, 17, '2023-06-06 10:43:36', '2023-06-06 10:43:36'),
(2130, 528, 16, 6, '2023-06-06 10:44:46', '2023-06-06 10:44:46'),
(2131, 528, 18, 5, '2023-06-06 10:45:28', '2023-06-06 10:45:28'),
(2132, 528, 19, 15, '2023-06-06 10:45:51', '2023-06-06 10:45:51'),
(2133, 528, 20, 18, '2023-06-06 10:46:14', '2023-06-06 10:46:14'),
(2134, 529, 16, 6, '2023-06-06 10:47:57', '2023-06-06 10:47:57'),
(2135, 529, 18, 5, '2023-06-06 10:48:12', '2023-06-06 10:48:12'),
(2136, 529, 19, 15, '2023-06-06 10:48:28', '2023-06-06 10:48:28'),
(2137, 529, 20, 18, '2023-06-06 10:49:09', '2023-06-06 10:49:09'),
(2138, 530, 16, 9, '2023-06-06 10:51:17', '2023-06-06 10:51:17'),
(2139, 530, 18, 5, '2023-06-06 10:51:37', '2023-06-06 10:51:37'),
(2140, 530, 19, 14, '2023-06-06 10:51:52', '2023-06-06 10:51:52'),
(2141, 530, 20, 19, '2023-06-06 10:52:09', '2023-06-06 10:52:09'),
(2142, 531, 16, 9, '2023-06-06 10:53:48', '2023-06-06 10:53:48'),
(2143, 531, 18, 6, '2023-06-06 10:54:10', '2023-06-06 10:54:10'),
(2144, 531, 19, 14, '2023-06-06 10:54:38', '2023-06-06 10:54:38'),
(2145, 531, 20, 17, '2023-06-06 10:54:58', '2023-06-06 10:54:58'),
(2146, 532, 16, 10, '2023-06-06 10:56:54', '2023-06-06 10:56:54'),
(2147, 532, 18, 9, '2023-06-06 10:57:12', '2023-06-06 10:57:12'),
(2148, 532, 19, 15, '2023-06-06 10:57:34', '2023-06-06 10:57:34'),
(2149, 532, 20, 17, '2023-06-06 10:57:52', '2023-06-06 10:57:52'),
(2150, 533, 16, 9, '2023-06-06 11:04:43', '2023-06-06 11:04:43'),
(2151, 533, 18, 7, '2023-06-06 11:05:13', '2023-06-06 11:05:13'),
(2153, 533, 19, 12, '2023-06-06 11:05:50', '2023-06-06 11:05:50'),
(2154, 533, 20, 17, '2023-06-06 11:06:50', '2023-06-06 11:06:50'),
(2156, 534, 16, 10, '2023-06-06 11:09:36', '2023-06-06 11:09:36'),
(2157, 534, 18, 5, '2023-06-06 11:10:05', '2023-06-06 11:10:05'),
(2158, 534, 19, 12, '2023-06-06 11:10:39', '2023-06-06 11:10:39'),
(2159, 534, 20, 18, '2023-06-06 11:11:12', '2023-06-06 11:11:12'),
(2160, 535, 16, 6, '2023-06-06 11:15:50', '2023-06-06 11:15:50'),
(2161, 535, 18, 6, '2023-06-06 11:16:13', '2023-06-06 11:16:13'),
(2162, 535, 19, 12, '2023-06-06 11:17:29', '2023-06-06 11:17:29'),
(2163, 535, 20, 17, '2023-06-06 11:17:52', '2023-06-06 11:17:52'),
(2164, 536, 16, 9, '2023-06-06 11:20:08', '2023-06-06 11:20:08'),
(2165, 536, 18, 6, '2023-06-06 11:20:27', '2023-06-06 11:20:27'),
(2166, 536, 19, 11, '2023-06-06 11:20:51', '2023-06-06 11:20:51'),
(2167, 536, 20, 17, '2023-06-06 11:21:20', '2023-06-06 11:21:20'),
(2168, 537, 16, 5, '2023-06-06 11:23:31', '2023-06-06 11:23:31'),
(2169, 537, 18, 5, '2023-06-06 11:23:51', '2023-06-06 11:23:51'),
(2170, 537, 19, 14, '2023-06-06 11:24:22', '2023-06-06 11:24:22'),
(2172, 537, 20, 18, '2023-06-06 11:24:54', '2023-06-06 11:24:54'),
(2173, 538, 16, 6, '2023-06-06 11:26:10', '2023-06-06 11:26:10'),
(2174, 538, 18, 9, '2023-06-06 11:26:33', '2023-06-06 11:26:33'),
(2175, 538, 19, 12, '2023-06-06 11:26:55', '2023-06-06 11:26:55'),
(2176, 538, 20, 19, '2023-06-06 11:27:21', '2023-06-06 11:27:21'),
(2177, 539, 16, 5, '2023-06-06 11:28:59', '2023-06-06 11:28:59'),
(2178, 539, 18, 6, '2023-06-06 11:29:15', '2023-06-06 11:29:15'),
(2179, 539, 19, 13, '2023-06-06 11:29:37', '2023-06-06 11:29:37'),
(2180, 539, 20, 17, '2023-06-06 11:29:57', '2023-06-06 11:29:57'),
(2181, 540, 16, 7, '2023-06-06 11:31:28', '2023-06-06 11:31:28'),
(2182, 540, 18, 10, '2023-06-06 11:31:52', '2023-06-06 11:31:52'),
(2183, 540, 19, 13, '2023-06-06 11:32:13', '2023-06-06 11:32:13'),
(2184, 540, 20, 18, '2023-06-06 11:32:32', '2023-06-06 11:32:32'),
(2185, 541, 16, 6, '2023-06-06 11:51:23', '2023-06-06 11:51:23'),
(2186, 541, 18, 5, '2023-06-06 11:52:03', '2023-06-06 11:52:03'),
(2187, 541, 19, 13, '2023-06-06 11:52:33', '2023-06-06 11:52:33'),
(2188, 541, 20, 18, '2023-06-06 11:53:03', '2023-06-06 11:53:03'),
(2189, 542, 16, 6, '2023-06-06 11:57:17', '2023-06-06 11:57:17'),
(2190, 542, 18, 7, '2023-06-06 11:57:40', '2023-06-06 11:57:40'),
(2191, 542, 19, 14, '2023-06-06 11:59:02', '2023-06-06 11:59:02'),
(2192, 542, 20, 17, '2023-06-06 11:59:22', '2023-06-06 11:59:22'),
(2193, 543, 16, 5, '2023-06-06 12:03:18', '2023-06-06 12:03:18'),
(2194, 543, 18, 5, '2023-06-06 12:03:43', '2023-06-06 12:03:43'),
(2195, 543, 19, 13, '2023-06-06 12:04:18', '2023-06-06 12:04:18'),
(2196, 543, 20, 16, '2023-06-06 12:04:51', '2023-06-06 12:04:51'),
(2197, 544, 16, 9, '2023-06-06 12:06:13', '2023-06-06 12:06:13'),
(2198, 544, 18, 7, '2023-06-06 12:06:30', '2023-06-06 12:06:30'),
(2199, 544, 19, 11, '2023-06-06 12:06:51', '2023-06-06 12:06:51'),
(2200, 544, 20, 17, '2023-06-06 12:07:12', '2023-06-06 12:07:12'),
(2201, 545, 16, 9, '2023-06-06 12:08:34', '2023-06-06 12:08:34'),
(2202, 545, 18, 7, '2023-06-06 12:08:54', '2023-06-06 12:08:54'),
(2203, 545, 19, 12, '2023-06-06 12:09:14', '2023-06-06 12:09:14'),
(2204, 545, 20, 18, '2023-06-06 12:09:34', '2023-06-06 12:09:34'),
(2205, 546, 16, 6, '2023-06-06 12:10:43', '2023-06-06 12:10:43'),
(2206, 546, 18, 6, '2023-06-06 12:11:02', '2023-06-06 12:11:02'),
(2207, 546, 19, 15, '2023-06-06 12:11:20', '2023-06-06 12:11:20'),
(2208, 546, 20, 17, '2023-06-06 12:11:44', '2023-06-06 12:11:44'),
(2209, 547, 16, 9, '2023-06-06 12:13:03', '2023-06-06 12:13:03'),
(2210, 547, 18, 7, '2023-06-06 12:13:22', '2023-06-06 12:13:22'),
(2211, 547, 19, 14, '2023-06-06 12:13:48', '2023-06-06 12:13:48'),
(2212, 547, 20, 18, '2023-06-06 12:14:07', '2023-06-06 12:14:07'),
(2213, 548, 16, 7, '2023-06-06 12:16:28', '2023-06-06 12:16:28'),
(2214, 548, 18, 5, '2023-06-06 12:16:48', '2023-06-06 12:16:48'),
(2215, 548, 19, 11, '2023-06-06 12:17:12', '2023-06-06 12:17:12'),
(2216, 548, 20, 17, '2023-06-06 12:17:34', '2023-06-06 12:17:34'),
(2217, 549, 16, 10, '2023-06-06 12:20:25', '2023-06-06 12:20:25'),
(2218, 549, 18, 9, '2023-06-06 12:20:42', '2023-06-06 12:20:42'),
(2219, 549, 19, 12, '2023-06-06 12:21:02', '2023-06-06 12:21:02'),
(2220, 549, 20, 17, '2023-06-06 12:21:23', '2023-06-06 12:21:23'),
(2221, 550, 16, 9, '2023-06-06 12:23:03', '2023-06-06 12:23:03'),
(2222, 550, 18, 9, '2023-06-06 12:23:26', '2023-06-06 12:23:26'),
(2223, 550, 19, 11, '2023-06-06 12:23:56', '2023-06-06 12:23:56'),
(2224, 550, 20, 17, '2023-06-06 12:24:22', '2023-06-06 12:24:22'),
(2226, 551, 16, 9, '2023-06-06 12:27:55', '2023-06-06 12:27:55'),
(2227, 551, 18, 7, '2023-06-06 12:28:16', '2023-06-06 12:28:16'),
(2228, 551, 19, 12, '2023-06-06 12:28:41', '2023-06-06 12:28:41'),
(2229, 551, 20, 18, '2023-06-06 12:29:00', '2023-06-06 12:29:00'),
(2230, 552, 16, 6, '2023-06-06 12:30:54', '2023-06-06 12:30:54'),
(2231, 552, 18, 5, '2023-06-06 12:31:12', '2023-06-06 12:31:12'),
(2232, 552, 19, 11, '2023-06-06 12:32:08', '2023-06-06 12:32:08'),
(2233, 552, 20, 18, '2023-06-06 12:32:32', '2023-06-06 12:32:32'),
(2234, 553, 16, 7, '2023-06-06 12:37:51', '2023-06-06 12:37:51'),
(2235, 553, 18, 9, '2023-06-06 12:38:09', '2023-06-06 12:38:09'),
(2236, 553, 19, 11, '2023-06-06 12:38:27', '2023-06-06 12:38:27'),
(2237, 553, 20, 17, '2023-06-06 12:38:47', '2023-06-06 12:38:47'),
(2238, 554, 16, 7, '2023-06-06 12:41:18', '2023-06-06 12:41:18'),
(2239, 554, 18, 10, '2023-06-06 12:41:39', '2023-06-06 12:41:39'),
(2240, 554, 19, 11, '2023-06-06 12:41:58', '2023-06-06 12:41:58'),
(2241, 554, 20, 20, '2023-06-06 12:43:04', '2023-06-06 12:43:04'),
(2242, 555, 16, 6, '2023-06-06 12:44:36', '2023-06-06 12:44:36'),
(2243, 555, 18, 5, '2023-06-06 12:44:55', '2023-06-06 12:44:55'),
(2244, 555, 19, 12, '2023-06-06 12:45:16', '2023-06-06 12:45:16'),
(2245, 555, 20, 17, '2023-06-06 12:45:38', '2023-06-06 12:45:38'),
(2246, 556, 16, 5, '2023-06-06 12:47:51', '2023-06-06 12:47:51'),
(2247, 556, 18, 6, '2023-06-06 12:48:09', '2023-06-06 12:48:09'),
(2248, 556, 19, 13, '2023-06-06 12:48:32', '2023-06-06 12:48:32'),
(2249, 556, 20, 18, '2023-06-06 12:48:51', '2023-06-06 12:48:51'),
(2250, 557, 16, 7, '2023-06-06 12:51:17', '2023-06-06 12:51:17'),
(2251, 557, 18, 6, '2023-06-06 12:51:41', '2023-06-06 12:51:41'),
(2252, 557, 19, 11, '2023-06-06 12:52:00', '2023-06-06 12:52:00'),
(2253, 557, 20, 16, '2023-06-06 12:52:26', '2023-06-06 12:52:26'),
(2254, 558, 16, 5, '2023-06-06 12:54:22', '2023-06-06 12:54:22'),
(2255, 558, 18, 5, '2023-06-06 12:54:48', '2023-06-06 12:54:48'),
(2256, 558, 19, 14, '2023-06-06 12:55:10', '2023-06-06 12:55:10'),
(2257, 558, 20, 17, '2023-06-06 12:55:46', '2023-06-06 12:55:46'),
(2258, 559, 16, 9, '2023-06-06 12:58:53', '2023-06-06 12:58:53'),
(2259, 559, 18, 5, '2023-06-06 12:59:41', '2023-06-06 12:59:41'),
(2260, 559, 19, 13, '2023-06-06 13:00:01', '2023-06-06 13:00:01'),
(2261, 559, 20, 16, '2023-06-06 13:00:23', '2023-06-06 13:00:23'),
(2262, 560, 16, 10, '2023-06-06 13:01:32', '2023-06-06 13:01:32'),
(2263, 560, 18, 10, '2023-06-06 13:01:50', '2023-06-06 13:01:50'),
(2264, 560, 19, 11, '2023-06-06 13:02:08', '2023-06-06 13:02:08'),
(2265, 560, 20, 17, '2023-06-06 13:02:27', '2023-06-06 13:02:27'),
(2266, 561, 16, 9, '2023-06-06 13:03:31', '2023-06-06 13:03:31'),
(2267, 561, 18, 10, '2023-06-06 13:03:57', '2023-06-06 13:03:57'),
(2268, 561, 19, 11, '2023-06-06 13:04:24', '2023-06-06 13:04:24'),
(2269, 561, 20, 16, '2023-06-06 13:04:50', '2023-06-06 13:04:50'),
(2270, 562, 16, 6, '2023-06-06 13:06:27', '2023-06-06 13:06:27'),
(2271, 562, 18, 9, '2023-06-06 13:06:47', '2023-06-06 13:06:47'),
(2272, 562, 19, 13, '2023-06-06 13:07:14', '2023-06-06 13:07:14'),
(2273, 562, 20, 17, '2023-06-06 13:07:34', '2023-06-06 13:07:34'),
(2274, 563, 16, 9, '2023-06-06 13:10:14', '2023-06-06 13:10:14'),
(2275, 563, 18, 7, '2023-06-06 13:10:34', '2023-06-06 13:10:34'),
(2276, 563, 19, 12, '2023-06-06 13:11:25', '2023-06-06 13:11:25'),
(2277, 563, 20, 17, '2023-06-06 13:11:45', '2023-06-06 13:11:45'),
(2278, 564, 16, 9, '2023-06-06 13:17:06', '2023-06-06 13:17:06'),
(2279, 564, 18, 6, '2023-06-06 13:17:29', '2023-06-06 13:17:29'),
(2280, 564, 19, 12, '2023-06-06 13:17:47', '2023-06-06 13:17:47'),
(2281, 564, 20, 17, '2023-06-06 13:18:09', '2023-06-06 13:18:09'),
(2282, 565, 16, 5, '2023-06-06 13:19:21', '2023-06-06 13:19:21'),
(2283, 565, 18, 7, '2023-06-06 13:19:41', '2023-06-06 13:19:41'),
(2284, 565, 19, 15, '2023-06-06 13:20:00', '2023-06-06 13:20:00'),
(2285, 565, 20, 16, '2023-06-06 13:20:18', '2023-06-06 13:20:18'),
(2286, 566, 16, 5, '2023-06-06 13:24:46', '2023-06-06 13:24:46'),
(2287, 566, 18, 5, '2023-06-06 13:25:19', '2023-06-06 13:25:19'),
(2288, 566, 19, 14, '2023-06-06 13:25:41', '2023-06-06 13:25:41'),
(2289, 566, 20, 17, '2023-06-06 13:26:09', '2023-06-06 13:26:09'),
(2290, 567, 16, 6, '2023-06-06 13:27:56', '2023-06-06 13:27:56'),
(2291, 567, 18, 7, '2023-06-06 13:28:07', '2023-06-06 13:28:07'),
(2292, 567, 19, 12, '2023-06-06 13:28:24', '2023-06-06 13:28:24'),
(2293, 567, 20, 17, '2023-06-06 13:29:53', '2023-06-06 13:29:53'),
(2294, 568, 16, 9, '2023-06-06 13:31:44', '2023-06-06 13:31:44'),
(2295, 568, 18, 7, '2023-06-06 13:32:00', '2023-06-06 13:32:00'),
(2296, 568, 19, 12, '2023-06-06 13:32:16', '2023-06-06 13:32:16'),
(2297, 568, 20, 17, '2023-06-06 13:32:30', '2023-06-06 13:32:30'),
(2298, 569, 16, 10, '2023-06-06 13:34:11', '2023-06-06 13:34:11'),
(2299, 569, 18, 6, '2023-06-06 13:34:31', '2023-06-06 13:34:31'),
(2300, 569, 19, 12, '2023-06-06 13:34:47', '2023-06-06 13:34:47'),
(2301, 569, 20, 16, '2023-06-06 13:35:03', '2023-06-06 13:35:03'),
(2302, 570, 16, 7, '2023-06-06 13:36:05', '2023-06-06 13:36:05'),
(2303, 570, 18, 9, '2023-06-06 13:36:18', '2023-06-06 13:36:18'),
(2304, 570, 19, 13, '2023-06-06 13:36:33', '2023-06-06 13:36:33'),
(2305, 570, 20, 20, '2023-06-06 13:37:13', '2023-06-06 13:37:13'),
(2306, 571, 16, 7, '2023-06-06 13:38:29', '2023-06-06 13:38:29'),
(2307, 571, 18, 9, '2023-06-06 13:38:46', '2023-06-06 13:38:46'),
(2308, 571, 19, 11, '2023-06-06 13:39:01', '2023-06-06 13:39:01'),
(2309, 571, 20, 18, '2023-06-06 13:39:16', '2023-06-06 13:39:16'),
(2310, 572, 16, 5, '2023-06-06 13:41:17', '2023-06-06 13:41:17'),
(2311, 572, 18, 6, '2023-06-06 13:41:32', '2023-06-06 13:41:32'),
(2312, 572, 19, 14, '2023-06-06 13:41:48', '2023-06-06 13:41:48'),
(2313, 572, 20, 16, '2023-06-06 13:42:03', '2023-06-06 13:42:03'),
(2314, 573, 16, 5, '2023-06-06 13:43:04', '2023-06-06 13:43:04'),
(2315, 573, 18, 7, '2023-06-06 13:43:18', '2023-06-06 13:43:18'),
(2316, 573, 19, 13, '2023-06-06 13:43:35', '2023-06-06 13:43:35'),
(2317, 573, 20, 17, '2023-06-06 13:43:48', '2023-06-06 13:43:48'),
(2318, 574, 16, 6, '2023-06-06 13:45:00', '2023-06-06 13:45:00'),
(2319, 574, 18, 5, '2023-06-06 13:45:14', '2023-06-06 13:45:14'),
(2321, 574, 19, 12, '2023-06-06 13:45:29', '2023-06-06 13:45:29'),
(2322, 574, 20, 18, '2023-06-06 13:45:46', '2023-06-06 13:45:46'),
(2323, 575, 16, 7, '2023-06-06 13:46:43', '2023-06-06 13:46:43'),
(2324, 575, 18, 6, '2023-06-06 13:47:03', '2023-06-06 13:47:03'),
(2325, 575, 19, 14, '2023-06-06 13:47:23', '2023-06-06 13:47:23'),
(2326, 575, 20, 19, '2023-06-06 13:47:44', '2023-06-06 13:47:44'),
(2327, 576, 16, 7, '2023-06-06 13:49:10', '2023-06-06 13:49:10'),
(2328, 576, 18, 6, '2023-06-06 13:49:25', '2023-06-06 13:49:25'),
(2329, 576, 19, 14, '2023-06-06 13:49:41', '2023-06-06 13:49:41'),
(2330, 576, 20, 16, '2023-06-06 13:49:57', '2023-06-06 13:49:57'),
(2331, 577, 16, 5, '2023-06-06 13:51:20', '2023-06-06 13:51:20'),
(2332, 577, 18, 7, '2023-06-06 13:51:36', '2023-06-06 13:51:36'),
(2333, 577, 19, 12, '2023-06-06 13:51:54', '2023-06-06 13:51:54'),
(2334, 577, 20, 17, '2023-06-06 13:52:10', '2023-06-06 13:52:10'),
(2335, 578, 16, 6, '2023-06-06 13:53:28', '2023-06-06 13:53:28'),
(2336, 578, 18, 5, '2023-06-06 13:53:45', '2023-06-06 13:53:45'),
(2337, 578, 19, 14, '2023-06-06 13:54:09', '2023-06-06 13:54:09'),
(2338, 578, 20, 17, '2023-06-06 13:54:26', '2023-06-06 13:54:26'),
(2339, 579, 16, 5, '2023-06-06 13:55:30', '2023-06-06 13:55:30'),
(2340, 579, 18, 9, '2023-06-06 13:55:44', '2023-06-06 13:55:44'),
(2341, 579, 19, 12, '2023-06-06 13:57:04', '2023-06-06 13:56:00'),
(2342, 579, 20, 19, '2023-06-06 13:56:15', '2023-06-06 13:56:15'),
(2343, 580, 16, 10, '2023-06-06 13:58:10', '2023-06-06 13:58:10'),
(2344, 580, 18, 6, '2023-06-06 13:58:28', '2023-06-06 13:58:28'),
(2345, 580, 19, 11, '2023-06-06 13:58:45', '2023-06-06 13:58:45'),
(2346, 580, 20, 18, '2023-06-06 13:59:03', '2023-06-06 13:59:03'),
(2347, 581, 16, 9, '2023-06-06 14:00:27', '2023-06-06 14:00:27'),
(2348, 581, 18, 9, '2023-06-06 14:00:44', '2023-06-06 14:00:44'),
(2349, 581, 19, 11, '2023-06-06 14:00:57', '2023-06-06 14:00:57'),
(2350, 581, 20, 18, '2023-06-06 14:01:09', '2023-06-06 14:01:09'),
(2351, 582, 16, 6, '2023-06-06 14:11:43', '2023-06-06 14:11:43'),
(2352, 582, 18, 9, '2023-06-06 14:11:56', '2023-06-06 14:11:56'),
(2353, 582, 19, 12, '2023-06-06 14:12:12', '2023-06-06 14:12:12'),
(2354, 582, 20, 17, '2023-06-06 14:12:29', '2023-06-06 14:12:29'),
(2355, 583, 16, 9, '2023-06-06 14:18:35', '2023-06-06 14:18:35'),
(2356, 583, 18, 10, '2023-06-06 14:18:50', '2023-06-06 14:18:50'),
(2357, 583, 19, 13, '2023-06-06 14:19:06', '2023-06-06 14:19:06'),
(2358, 583, 20, 17, '2023-06-06 14:19:22', '2023-06-06 14:19:22'),
(2359, 584, 16, 5, '2023-06-06 14:24:03', '2023-06-06 14:24:03'),
(2360, 584, 18, 7, '2023-06-06 14:24:18', '2023-06-06 14:24:18'),
(2361, 584, 19, 13, '2023-06-06 14:24:36', '2023-06-06 14:24:36'),
(2362, 584, 20, 17, '2023-06-06 14:24:53', '2023-06-06 14:24:53'),
(2363, 585, 16, 10, '2023-06-06 15:25:55', '2023-06-06 15:25:55'),
(2364, 585, 18, 6, '2023-06-06 15:26:15', '2023-06-06 15:26:15'),
(2365, 585, 19, 12, '2023-06-06 15:28:06', '2023-06-06 15:28:06'),
(2366, 585, 20, 17, '2023-06-06 15:28:28', '2023-06-06 15:28:28'),
(2367, 586, 16, 7, '2023-06-06 15:41:38', '2023-06-06 15:41:38'),
(2368, 586, 18, 6, '2023-06-06 15:42:02', '2023-06-06 15:42:02'),
(2369, 586, 19, 12, '2023-06-06 15:47:13', '2023-06-06 15:47:13'),
(2370, 586, 20, 16, '2023-06-06 15:47:34', '2023-06-06 15:47:34'),
(2371, 587, 16, 5, '2023-06-06 15:49:20', '2023-06-06 15:49:20'),
(2372, 587, 18, 5, '2023-06-06 15:49:47', '2023-06-06 15:49:47'),
(2373, 587, 19, 14, '2023-06-06 15:50:07', '2023-06-06 15:50:07'),
(2374, 587, 20, 18, '2023-06-06 15:50:32', '2023-06-06 15:50:32'),
(2375, 588, 16, 7, '2023-06-06 15:53:10', '2023-06-06 15:53:10'),
(2376, 588, 18, 10, '2023-06-06 15:53:30', '2023-06-06 15:53:30'),
(2377, 588, 19, 11, '2023-06-06 15:53:50', '2023-06-06 15:53:50'),
(2378, 588, 20, 18, '2023-06-06 15:57:06', '2023-06-06 15:57:06'),
(2379, 589, 16, 9, '2023-06-06 16:00:19', '2023-06-06 16:00:19'),
(2380, 589, 18, 10, '2023-06-06 16:00:41', '2023-06-06 16:00:41'),
(2381, 589, 19, 12, '2023-06-06 16:01:02', '2023-06-06 16:01:02'),
(2382, 589, 20, 17, '2023-06-06 16:01:25', '2023-06-06 16:01:25'),
(2383, 590, 16, 6, '2023-06-06 16:09:45', '2023-06-06 16:09:45'),
(2384, 590, 18, 9, '2023-06-06 16:10:04', '2023-06-06 16:10:04'),
(2385, 590, 19, 13, '2023-06-06 16:10:28', '2023-06-06 16:10:28'),
(2386, 590, 20, 16, '2023-06-06 16:10:50', '2023-06-06 16:10:50'),
(2387, 591, 16, 6, '2023-06-06 16:13:11', '2023-06-06 16:13:11'),
(2388, 591, 18, 6, '2023-06-06 16:13:35', '2023-06-06 16:13:35'),
(2389, 591, 19, 13, '2023-06-06 16:14:12', '2023-06-06 16:14:12'),
(2390, 591, 20, 18, '2023-06-06 16:14:34', '2023-06-06 16:14:34'),
(2391, 592, 16, 7, '2023-06-06 16:17:16', '2023-06-06 16:17:16'),
(2392, 592, 18, 9, '2023-06-06 16:17:39', '2023-06-06 16:17:39'),
(2393, 592, 19, 11, '2023-06-06 16:18:01', '2023-06-06 16:18:01'),
(2394, 592, 20, 16, '2023-06-06 16:19:04', '2023-06-06 16:19:04'),
(2395, 593, 16, 5, '2023-06-06 16:21:53', '2023-06-06 16:21:53'),
(2396, 593, 18, 7, '2023-06-06 16:22:16', '2023-06-06 16:22:16'),
(2397, 593, 19, 13, '2023-06-06 16:22:40', '2023-06-06 16:22:40'),
(2398, 593, 20, 17, '2023-06-06 16:23:56', '2023-06-06 16:23:56'),
(2399, 594, 16, 6, '2023-06-06 16:25:37', '2023-06-06 16:25:37'),
(2400, 594, 18, 9, '2023-06-06 16:26:01', '2023-06-06 16:26:01'),
(2401, 594, 19, 11, '2023-06-06 16:26:20', '2023-06-06 16:26:20'),
(2402, 594, 20, 16, '2023-06-06 16:26:38', '2023-06-06 16:26:38'),
(2403, 595, 16, 9, '2023-06-06 16:27:51', '2023-06-06 16:27:51'),
(2404, 595, 18, 7, '2023-06-06 16:28:09', '2023-06-06 16:28:09'),
(2405, 595, 19, 12, '2023-06-06 16:28:26', '2023-06-06 16:28:26'),
(2406, 595, 20, 17, '2023-06-06 16:28:49', '2023-06-06 16:28:49'),
(2407, 596, 16, 5, '2023-06-06 16:29:55', '2023-06-06 16:29:55'),
(2408, 596, 18, 9, '2023-06-06 16:30:17', '2023-06-06 16:30:17'),
(2409, 596, 19, 12, '2023-06-06 16:30:40', '2023-06-06 16:30:40'),
(2410, 596, 20, 18, '2023-06-06 16:30:59', '2023-06-06 16:30:59'),
(2411, 597, 16, 6, '2023-06-06 16:33:09', '2023-06-06 16:33:09'),
(2412, 597, 18, 6, '2023-06-06 16:33:29', '2023-06-06 16:33:29'),
(2413, 597, 19, 15, '2023-06-06 16:34:00', '2023-06-06 16:34:00'),
(2414, 597, 20, 19, '2023-06-06 16:34:22', '2023-06-06 16:34:22'),
(2416, 598, 16, 7, '2023-06-06 17:05:29', '2023-06-06 17:05:29'),
(2417, 598, 18, 10, '2023-06-06 17:05:49', '2023-06-06 17:05:49'),
(2418, 598, 19, 12, '2023-06-06 17:06:18', '2023-06-06 17:06:18'),
(2419, 598, 20, 17, '2023-06-06 17:06:41', '2023-06-06 17:06:41'),
(2420, 599, 16, 5, '2023-06-06 17:10:25', '2023-06-06 17:10:25'),
(2421, 599, 18, 6, '2023-06-06 17:10:50', '2023-06-06 17:10:50'),
(2422, 599, 19, 14, '2023-06-06 17:11:08', '2023-06-06 17:11:08'),
(2423, 599, 20, 16, '2023-06-06 17:11:37', '2023-06-06 17:11:37'),
(2424, 600, 16, 6, '2023-06-06 17:13:43', '2023-06-06 17:13:43'),
(2425, 600, 18, 9, '2023-06-06 17:14:09', '2023-06-06 17:14:09'),
(2426, 600, 19, 12, '2023-06-06 17:14:30', '2023-06-06 17:14:30'),
(2427, 600, 20, 18, '2023-06-06 17:14:50', '2023-06-06 17:14:50'),
(2428, 601, 16, 6, '2023-06-06 17:15:57', '2023-06-06 17:15:57'),
(2429, 601, 18, 5, '2023-06-06 17:16:15', '2023-06-06 17:16:15'),
(2430, 601, 19, 14, '2023-06-06 17:16:34', '2023-06-06 17:16:34'),
(2431, 601, 20, 17, '2023-06-06 17:16:54', '2023-06-06 17:16:54'),
(2432, 602, 16, 5, '2023-06-06 17:18:49', '2023-06-06 17:18:49'),
(2433, 602, 18, 5, '2023-06-06 17:19:08', '2023-06-06 17:19:08'),
(2434, 602, 19, 12, '2023-06-06 17:19:24', '2023-06-06 17:19:24'),
(2435, 602, 20, 18, '2023-06-06 17:19:44', '2023-06-06 17:19:44'),
(2436, 603, 16, 6, '2023-06-06 17:21:00', '2023-06-06 17:21:00'),
(2437, 603, 18, 9, '2023-06-06 17:21:24', '2023-06-06 17:21:24'),
(2438, 603, 19, 12, '2023-06-06 17:21:41', '2023-06-06 17:21:41'),
(2439, 603, 20, 17, '2023-06-06 17:22:04', '2023-06-06 17:22:04'),
(2440, 604, 16, 7, '2023-06-06 17:23:17', '2023-06-06 17:23:17'),
(2441, 604, 18, 10, '2023-06-06 17:23:39', '2023-06-06 17:23:39'),
(2442, 604, 19, 12, '2023-06-06 17:24:00', '2023-06-06 17:24:00'),
(2443, 604, 20, 17, '2023-06-06 17:24:32', '2023-06-06 17:24:32'),
(2444, 605, 16, 7, '2023-06-06 17:25:41', '2023-06-06 17:25:41'),
(2445, 605, 18, 6, '2023-06-06 17:26:06', '2023-06-06 17:26:06'),
(2446, 605, 19, 13, '2023-06-06 17:26:28', '2023-06-06 17:26:28'),
(2447, 605, 20, 17, '2023-06-06 17:26:46', '2023-06-06 17:26:46'),
(2448, 606, 16, 5, '2023-06-06 17:27:53', '2023-06-06 17:27:53'),
(2449, 606, 18, 5, '2023-06-06 17:28:13', '2023-06-06 17:28:13'),
(2450, 606, 19, 14, '2023-06-06 17:28:34', '2023-06-06 17:28:34'),
(2451, 606, 20, 19, '2023-06-06 17:28:59', '2023-06-06 17:28:59'),
(2452, 607, 16, 9, '2023-06-06 17:30:17', '2023-06-06 17:30:17'),
(2453, 607, 18, 5, '2023-06-06 17:30:51', '2023-06-06 17:30:51'),
(2454, 607, 19, 12, '2023-06-06 17:31:52', '2023-06-06 17:31:52'),
(2455, 607, 20, 19, '2023-06-06 17:32:39', '2023-06-06 17:32:39'),
(2456, 608, 16, 5, '2023-06-06 17:33:56', '2023-06-06 17:33:56'),
(2457, 608, 18, 7, '2023-06-06 17:34:16', '2023-06-06 17:34:16'),
(2458, 608, 19, 15, '2023-06-06 17:34:39', '2023-06-06 17:34:39'),
(2459, 608, 20, 17, '2023-06-06 17:35:02', '2023-06-06 17:35:02'),
(2460, 609, 16, 9, '2023-06-06 17:36:23', '2023-06-06 17:36:23'),
(2461, 609, 18, 6, '2023-06-06 17:36:44', '2023-06-06 17:36:44'),
(2462, 609, 19, 12, '2023-06-06 17:37:28', '2023-06-06 17:37:28'),
(2463, 609, 20, 18, '2023-06-06 17:37:50', '2023-06-06 17:37:50'),
(2464, 610, 16, 7, '2023-06-06 17:39:03', '2023-06-06 17:39:03'),
(2465, 610, 18, 9, '2023-06-06 17:39:26', '2023-06-06 17:39:26'),
(2466, 610, 19, 13, '2023-06-06 17:40:00', '2023-06-06 17:40:00'),
(2467, 610, 20, 17, '2023-06-06 17:40:24', '2023-06-06 17:40:24'),
(2468, 611, 16, 9, '2023-06-06 17:42:15', '2023-06-06 17:42:15'),
(2469, 611, 18, 10, '2023-06-06 17:42:47', '2023-06-06 17:42:47'),
(2470, 611, 19, 11, '2023-06-06 17:43:07', '2023-06-06 17:43:07'),
(2471, 611, 20, 17, '2023-06-06 17:43:30', '2023-06-06 17:43:30'),
(2472, 612, 16, 6, '2023-06-06 17:45:05', '2023-06-06 17:45:05'),
(2473, 612, 18, 5, '2023-06-06 17:45:35', '2023-06-06 17:45:35'),
(2474, 612, 19, 13, '2023-06-06 17:45:57', '2023-06-06 17:45:57'),
(2475, 612, 20, 18, '2023-06-06 17:47:32', '2023-06-06 17:47:32'),
(2476, 613, 16, 9, '2023-06-06 17:49:12', '2023-06-06 17:49:12'),
(2477, 613, 18, 6, '2023-06-06 17:49:33', '2023-06-06 17:49:33'),
(2478, 613, 19, 12, '2023-06-06 17:49:56', '2023-06-06 17:49:56'),
(2479, 613, 20, 17, '2023-06-06 17:50:17', '2023-06-06 17:50:17'),
(2480, 614, 16, 10, '2023-06-06 17:52:14', '2023-06-06 17:52:14'),
(2481, 614, 18, 6, '2023-06-06 17:52:33', '2023-06-06 17:52:33'),
(2482, 614, 19, 12, '2023-06-06 17:53:04', '2023-06-06 17:53:04'),
(2483, 614, 20, 18, '2023-06-06 17:53:27', '2023-06-06 17:53:27'),
(2484, 615, 16, 9, '2023-06-06 17:54:47', '2023-06-06 17:54:47'),
(2485, 615, 18, 5, '2023-06-06 17:55:19', '2023-06-06 17:55:19'),
(2486, 615, 19, 13, '2023-06-06 17:55:35', '2023-06-06 17:55:35'),
(2487, 615, 20, 17, '2023-06-06 17:55:49', '2023-06-06 17:55:49'),
(2488, 616, 16, 10, '2023-06-06 17:58:15', '2023-06-06 17:58:15'),
(2489, 616, 18, 6, '2023-06-06 17:58:54', '2023-06-06 17:58:54'),
(2490, 616, 19, 13, '2023-06-06 17:59:18', '2023-06-06 17:59:18'),
(2491, 616, 20, 16, '2023-06-06 17:59:59', '2023-06-06 17:59:59'),
(2492, 617, 16, 7, '2023-06-06 18:01:16', '2023-06-06 18:01:16'),
(2493, 617, 18, 5, '2023-06-06 18:01:37', '2023-06-06 18:01:37'),
(2494, 617, 19, 11, '2023-06-06 18:01:55', '2023-06-06 18:01:55'),
(2495, 617, 20, 18, '2023-06-06 18:02:13', '2023-06-06 18:02:13'),
(2496, 618, 16, 10, '2023-06-06 18:04:25', '2023-06-06 18:04:25'),
(2497, 618, 18, 10, '2023-06-06 18:04:56', '2023-06-06 18:04:56'),
(2498, 618, 19, 11, '2023-06-06 18:05:11', '2023-06-06 18:05:11'),
(2499, 618, 20, 17, '2023-06-06 18:05:31', '2023-06-06 18:05:31'),
(2500, 619, 16, 7, '2023-06-06 18:07:29', '2023-06-06 18:07:29');
INSERT INTO `siswa_sub_kriteria` (`id`, `siswa_id`, `kriteria_id`, `sub_kriteria_id`, `updated_at`, `created_at`) VALUES
(2501, 619, 18, 9, '2023-06-06 18:07:46', '2023-06-06 18:07:46'),
(2502, 619, 19, 14, '2023-06-06 18:08:19', '2023-06-06 18:08:00'),
(2503, 619, 20, 18, '2023-06-06 18:08:34', '2023-06-06 18:08:34'),
(2504, 620, 16, 10, '2023-06-06 18:09:41', '2023-06-06 18:09:41'),
(2505, 620, 18, 7, '2023-06-06 18:10:00', '2023-06-06 18:10:00'),
(2506, 620, 19, 11, '2023-06-06 18:10:27', '2023-06-06 18:10:27'),
(2507, 620, 20, 17, '2023-06-06 18:10:42', '2023-06-06 18:10:42'),
(2508, 621, 16, 6, '2023-06-06 18:11:57', '2023-06-06 18:11:57'),
(2509, 621, 18, 9, '2023-06-06 18:12:12', '2023-06-06 18:12:12'),
(2510, 621, 19, 13, '2023-06-06 18:12:28', '2023-06-06 18:12:28'),
(2511, 621, 20, 20, '2023-06-06 18:12:43', '2023-06-06 18:12:43'),
(2512, 622, 16, 9, '2023-06-06 18:13:59', '2023-06-06 18:13:59'),
(2513, 622, 18, 6, '2023-06-06 18:14:16', '2023-06-06 18:14:16'),
(2514, 622, 19, 12, '2023-06-06 18:14:32', '2023-06-06 18:14:32'),
(2515, 622, 20, 20, '2023-06-06 18:14:48', '2023-06-06 18:14:48'),
(2516, 623, 16, 7, '2023-06-06 18:15:55', '2023-06-06 18:15:55'),
(2517, 623, 18, 9, '2023-06-06 18:16:14', '2023-06-06 18:16:14'),
(2518, 623, 19, 11, '2023-06-06 18:16:30', '2023-06-06 18:16:30'),
(2519, 623, 20, 19, '2023-06-06 18:16:44', '2023-06-06 18:16:44'),
(2520, 624, 16, 6, '2023-06-06 18:17:48', '2023-06-06 18:17:48'),
(2521, 624, 18, 9, '2023-06-06 18:18:02', '2023-06-06 18:18:02'),
(2522, 624, 19, 11, '2023-06-06 18:18:15', '2023-06-06 18:18:15'),
(2523, 624, 20, 17, '2023-06-06 18:18:39', '2023-06-06 18:18:39'),
(2524, 625, 16, 9, '2023-06-06 18:20:41', '2023-06-06 18:20:41'),
(2525, 625, 18, 10, '2023-06-06 18:21:00', '2023-06-06 18:21:00'),
(2526, 625, 19, 13, '2023-06-06 18:21:34', '2023-06-06 18:21:34'),
(2527, 625, 20, 17, '2023-06-06 18:21:51', '2023-06-06 18:21:51'),
(2528, 626, 16, 5, '2023-06-06 18:23:07', '2023-06-06 18:23:07'),
(2529, 626, 18, 7, '2023-06-06 18:23:26', '2023-06-06 18:23:26'),
(2530, 626, 19, 14, '2023-06-06 18:23:41', '2023-06-06 18:23:41'),
(2531, 626, 20, 16, '2023-06-06 18:23:54', '2023-06-06 18:23:54'),
(2532, 627, 16, 5, '2023-06-06 18:25:16', '2023-06-06 18:25:16'),
(2533, 627, 18, 5, '2023-06-06 18:25:29', '2023-06-06 18:25:29'),
(2534, 627, 19, 13, '2023-06-06 18:25:44', '2023-06-06 18:25:44'),
(2535, 627, 20, 18, '2023-06-06 18:26:04', '2023-06-06 18:26:04'),
(2536, 628, 16, 7, '2023-06-06 18:27:02', '2023-06-06 18:27:02'),
(2537, 628, 18, 9, '2023-06-06 18:27:19', '2023-06-06 18:27:19'),
(2538, 628, 19, 14, '2023-06-06 18:27:33', '2023-06-06 18:27:33'),
(2539, 628, 20, 18, '2023-06-06 18:27:47', '2023-06-06 18:27:47'),
(2540, 629, 16, 6, '2023-06-06 18:29:04', '2023-06-06 18:29:04'),
(2541, 629, 18, 9, '2023-06-06 18:29:19', '2023-06-06 18:29:19'),
(2542, 629, 19, 15, '2023-06-06 18:29:39', '2023-06-06 18:29:39'),
(2543, 629, 20, 17, '2023-06-06 18:29:58', '2023-06-06 18:29:58'),
(2544, 630, 16, 6, '2023-06-06 18:31:09', '2023-06-06 18:31:09'),
(2545, 630, 18, 6, '2023-06-06 18:31:25', '2023-06-06 18:31:25'),
(2546, 630, 19, 14, '2023-06-06 18:31:42', '2023-06-06 18:31:42'),
(2547, 630, 20, 19, '2023-06-06 18:32:05', '2023-06-06 18:32:05'),
(2548, 631, 16, 9, '2023-06-06 18:33:01', '2023-06-06 18:33:01'),
(2549, 631, 18, 7, '2023-06-06 18:33:32', '2023-06-06 18:33:32'),
(2550, 631, 19, 13, '2023-06-06 18:33:55', '2023-06-06 18:33:55'),
(2551, 631, 20, 19, '2023-06-06 18:34:15', '2023-06-06 18:34:15'),
(2552, 632, 16, 6, '2023-06-06 18:36:03', '2023-06-06 18:36:03'),
(2553, 632, 18, 9, '2023-06-06 18:36:16', '2023-06-06 18:36:16'),
(2554, 632, 19, 13, '2023-06-06 18:36:30', '2023-06-06 18:36:30'),
(2555, 632, 20, 18, '2023-06-06 18:36:44', '2023-06-06 18:36:44'),
(2556, 633, 16, 7, '2023-06-06 18:37:53', '2023-06-06 18:37:53'),
(2557, 633, 18, 6, '2023-06-06 18:38:09', '2023-06-06 18:38:09'),
(2558, 633, 19, 13, '2023-06-06 18:38:25', '2023-06-06 18:38:25'),
(2559, 633, 20, 16, '2023-06-06 18:38:38', '2023-06-06 18:38:38'),
(2560, 634, 16, 5, '2023-06-06 18:39:41', '2023-06-06 18:39:41'),
(2561, 634, 18, 9, '2023-06-06 18:39:56', '2023-06-06 18:39:56'),
(2562, 634, 19, 14, '2023-06-06 18:40:22', '2023-06-06 18:40:22'),
(2563, 634, 20, 17, '2023-06-06 18:40:45', '2023-06-06 18:40:45'),
(2564, 635, 16, 6, '2023-06-06 18:43:53', '2023-06-06 18:43:53'),
(2565, 635, 18, 6, '2023-06-06 18:45:12', '2023-06-06 18:45:12'),
(2566, 635, 19, 14, '2023-06-06 18:45:31', '2023-06-06 18:45:31'),
(2567, 635, 20, 20, '2023-06-06 18:45:45', '2023-06-06 18:45:45'),
(2568, 636, 16, 7, '2023-06-06 18:47:01', '2023-06-06 18:47:01'),
(2569, 636, 18, 9, '2023-06-06 18:47:17', '2023-06-06 18:47:17'),
(2570, 636, 19, 14, '2023-06-06 18:47:36', '2023-06-06 18:47:36'),
(2571, 636, 20, 18, '2023-06-06 18:47:51', '2023-06-06 18:47:51'),
(2572, 637, 16, 9, '2023-06-06 18:49:11', '2023-06-06 18:49:11'),
(2573, 637, 18, 10, '2023-06-06 18:49:32', '2023-06-06 18:49:32'),
(2574, 637, 19, 12, '2023-06-06 18:49:47', '2023-06-06 18:49:47'),
(2575, 637, 20, 19, '2023-06-06 18:50:02', '2023-06-06 18:50:02'),
(2576, 638, 16, 6, '2023-06-06 18:51:33', '2023-06-06 18:51:33'),
(2577, 638, 18, 9, '2023-06-06 18:51:46', '2023-06-06 18:51:46'),
(2578, 638, 19, 11, '2023-06-06 18:51:57', '2023-06-06 18:51:57'),
(2579, 638, 20, 18, '2023-06-06 18:52:10', '2023-06-06 18:52:10'),
(2581, 22, 18, 6, '2023-06-07 02:42:07', '2023-06-07 02:42:07');

-- --------------------------------------------------------

--
-- Table structure for table `sub_kriteria`
--

CREATE TABLE `sub_kriteria` (
  `id` bigint(20) UNSIGNED NOT NULL,
  `nama` varchar(128) NOT NULL,
  `updated_at` timestamp NULL DEFAULT NULL,
  `created_at` timestamp NULL DEFAULT NULL
) ENGINE=InnoDB DEFAULT CHARSET=utf8mb4 COLLATE=utf8mb4_general_ci;

--
-- Dumping data for table `sub_kriteria`
--

INSERT INTO `sub_kriteria` (`id`, `nama`, `updated_at`, `created_at`) VALUES
(5, '75 - 79', '2023-05-18 22:12:10', '2023-04-21 09:55:43'),
(6, '80 - 84', '2023-05-18 22:12:21', '2023-04-21 10:01:58'),
(7, '85 - 89', '2023-05-18 22:12:28', '2023-04-21 10:02:04'),
(9, '90 - 94', '2023-05-18 22:12:37', '2023-05-18 22:12:37'),
(10, '95 - 100', '2023-05-18 22:12:46', '2023-05-18 22:12:46'),
(11, '>= 3.000.000', '2023-05-18 22:13:51', '2023-05-18 22:13:51'),
(12, '>= 2.000.000 dan < 3.000.000', '2023-05-18 22:14:01', '2023-05-18 22:14:01'),
(13, '>= 1.000.000 dan < 2.000.000', '2023-05-18 22:14:10', '2023-05-18 22:14:10'),
(14, '>= 500.000 dan < 1.000.000', '2023-05-18 22:14:19', '2023-05-18 22:14:19'),
(15, '<= 500.000', '2023-06-02 23:32:18', '2023-05-18 22:14:29'),
(16, '1 anak', '2023-05-18 22:14:50', '2023-05-18 22:14:50'),
(17, '2 anak', '2023-05-18 22:14:58', '2023-05-18 22:14:58'),
(18, '3 anak', '2023-05-18 22:15:05', '2023-05-18 22:15:05'),
(19, '4 anak', '2023-05-18 22:15:12', '2023-05-18 22:15:12'),
(20, '> 4 anak', '2023-05-18 22:15:19', '2023-05-18 22:15:19');

-- --------------------------------------------------------

--
-- Table structure for table `tingkat`
--

CREATE TABLE `tingkat` (
  `id` bigint(20) UNSIGNED NOT NULL,
  `nama` varchar(128) NOT NULL,
  `updated_at` timestamp NULL DEFAULT NULL,
  `created_at` timestamp NULL DEFAULT NULL
) ENGINE=InnoDB DEFAULT CHARSET=utf8mb4 COLLATE=utf8mb4_general_ci;

--
-- Dumping data for table `tingkat`
--

INSERT INTO `tingkat` (`id`, `nama`, `updated_at`, `created_at`) VALUES
(1, '7', '2023-05-04 05:51:20', '2023-04-08 12:49:33'),
(4, '8', '2023-04-08 17:33:26', '2023-04-08 13:18:21'),
(5, '9', '2023-04-08 17:33:32', '2023-04-08 17:33:07');

-- --------------------------------------------------------

--
-- Table structure for table `tingkat_kelas`
--

CREATE TABLE `tingkat_kelas` (
  `id` bigint(20) UNSIGNED NOT NULL,
  `tingkat_id` bigint(20) UNSIGNED DEFAULT NULL,
  `kelas_id` bigint(20) UNSIGNED DEFAULT NULL,
  `updated_at` timestamp NULL DEFAULT NULL,
  `created_at` timestamp NULL DEFAULT NULL
) ENGINE=InnoDB DEFAULT CHARSET=utf8mb4 COLLATE=utf8mb4_general_ci;

--
-- Dumping data for table `tingkat_kelas`
--

INSERT INTO `tingkat_kelas` (`id`, `tingkat_id`, `kelas_id`, `updated_at`, `created_at`) VALUES
(8, 4, 47, '2023-06-03 21:24:24', '2023-06-03 21:24:24'),
(9, 4, 48, '2023-06-03 21:31:35', '2023-06-03 21:31:35'),
(10, 4, 49, '2023-06-03 21:31:56', '2023-06-03 21:31:56'),
(11, 4, 50, '2023-06-03 21:32:17', '2023-06-03 21:32:17'),
(12, 4, 51, '2023-06-03 21:32:33', '2023-06-03 21:32:33'),
(13, 4, 52, '2023-06-03 21:32:49', '2023-06-03 21:32:49'),
(14, 4, 53, '2023-06-03 21:33:05', '2023-06-03 21:33:05'),
(15, 4, 54, '2023-06-03 21:33:24', '2023-06-03 21:33:24'),
(16, 4, 55, '2023-06-03 21:33:41', '2023-06-03 21:33:41'),
(17, 1, 47, '2023-06-03 21:33:56', '2023-06-03 21:33:56'),
(18, 1, 48, '2023-06-03 21:34:12', '2023-06-03 21:34:12'),
(19, 1, 49, '2023-06-03 21:34:28', '2023-06-03 21:34:28'),
(20, 5, 47, '2023-06-03 21:34:48', '2023-06-03 21:34:48'),
(21, 5, 48, '2023-06-03 21:35:13', '2023-06-03 21:35:13'),
(22, 5, 49, '2023-06-03 21:35:34', '2023-06-03 21:35:34');

-- --------------------------------------------------------

--
-- Table structure for table `users`
--

CREATE TABLE `users` (
  `id` bigint(20) UNSIGNED NOT NULL,
  `nama` varchar(255) NOT NULL,
  `password` varchar(255) NOT NULL,
  `role` int(20) DEFAULT NULL,
  `created_at` timestamp NULL DEFAULT NULL,
  `updated_at` timestamp NULL DEFAULT NULL
) ENGINE=InnoDB DEFAULT CHARSET=utf8mb4 COLLATE=utf8mb4_unicode_ci;

--
-- Dumping data for table `users`
--

INSERT INTO `users` (`id`, `nama`, `password`, `role`, `created_at`, `updated_at`) VALUES
(1, 'admin', '$2y$10$CDUegRnPLXbZT9jpyonuRe5OlcN568PoG7Kt1yFJ8BxPG.bOcsB1e', 1, NULL, '2023-05-23 03:11:52'),
(15, 'a', '$2y$10$2nHrMssIHsy.qVb8bFgcIe.2iOLnh4iCSYuDmiBzSjda1duNNcTpu', NULL, '2023-04-08 18:42:31', '2023-04-08 18:42:31');

--
-- Indexes for dumped tables
--

--
-- Indexes for table `cluster1`
--
ALTER TABLE `cluster1`
  ADD PRIMARY KEY (`id`);

--
-- Indexes for table `cluster2`
--
ALTER TABLE `cluster2`
  ADD PRIMARY KEY (`id`);

--
-- Indexes for table `kecamatan`
--
ALTER TABLE `kecamatan`
  ADD PRIMARY KEY (`id`);

--
-- Indexes for table `kecamatan_kelurahan`
--
ALTER TABLE `kecamatan_kelurahan`
  ADD PRIMARY KEY (`id`),
  ADD KEY `kecamatan_id` (`kecamatan_id`,`kelurahan_id`),
  ADD KEY `kelurahan_id` (`kelurahan_id`);

--
-- Indexes for table `kelas`
--
ALTER TABLE `kelas`
  ADD PRIMARY KEY (`id`);

--
-- Indexes for table `kelurahan`
--
ALTER TABLE `kelurahan`
  ADD PRIMARY KEY (`id`);

--
-- Indexes for table `kriteria`
--
ALTER TABLE `kriteria`
  ADD PRIMARY KEY (`id`);

--
-- Indexes for table `kriteria_sub_kriteria`
--
ALTER TABLE `kriteria_sub_kriteria`
  ADD PRIMARY KEY (`id`),
  ADD KEY `kriteria_id` (`kriteria_id`,`sub_kriteria_id`),
  ADD KEY `sub_kriteria_id` (`sub_kriteria_id`);

--
-- Indexes for table `migrations`
--
ALTER TABLE `migrations`
  ADD PRIMARY KEY (`id`);

--
-- Indexes for table `personal_access_tokens`
--
ALTER TABLE `personal_access_tokens`
  ADD PRIMARY KEY (`id`),
  ADD UNIQUE KEY `personal_access_tokens_token_unique` (`token`),
  ADD KEY `personal_access_tokens_tokenable_type_tokenable_id_index` (`tokenable_type`,`tokenable_id`);

--
-- Indexes for table `siswa`
--
ALTER TABLE `siswa`
  ADD PRIMARY KEY (`id`),
  ADD KEY `tingkat_id` (`tingkat_id`,`kelas_id`),
  ADD KEY `kelas_id` (`kelas_id`),
  ADD KEY `kecamatan_id` (`kecamatan_id`,`kelurahan_id`),
  ADD KEY `kelurahan_id` (`kelurahan_id`);

--
-- Indexes for table `siswa_sub_kriteria`
--
ALTER TABLE `siswa_sub_kriteria`
  ADD PRIMARY KEY (`id`),
  ADD KEY `mahasiswa_id` (`siswa_id`,`sub_kriteria_id`),
  ADD KEY `sub_kriteria_id` (`sub_kriteria_id`),
  ADD KEY `kriteria_id` (`kriteria_id`);

--
-- Indexes for table `sub_kriteria`
--
ALTER TABLE `sub_kriteria`
  ADD PRIMARY KEY (`id`);

--
-- Indexes for table `tingkat`
--
ALTER TABLE `tingkat`
  ADD PRIMARY KEY (`id`);

--
-- Indexes for table `tingkat_kelas`
--
ALTER TABLE `tingkat_kelas`
  ADD PRIMARY KEY (`id`),
  ADD KEY `tingkat_id` (`tingkat_id`,`kelas_id`),
  ADD KEY `kelas_id` (`kelas_id`);

--
-- Indexes for table `users`
--
ALTER TABLE `users`
  ADD PRIMARY KEY (`id`);

--
-- AUTO_INCREMENT for dumped tables
--

--
-- AUTO_INCREMENT for table `cluster1`
--
ALTER TABLE `cluster1`
  MODIFY `id` bigint(20) NOT NULL AUTO_INCREMENT, AUTO_INCREMENT=5;

--
-- AUTO_INCREMENT for table `cluster2`
--
ALTER TABLE `cluster2`
  MODIFY `id` bigint(20) NOT NULL AUTO_INCREMENT, AUTO_INCREMENT=5;

--
-- AUTO_INCREMENT for table `kecamatan`
--
ALTER TABLE `kecamatan`
  MODIFY `id` bigint(20) UNSIGNED NOT NULL AUTO_INCREMENT, AUTO_INCREMENT=10;

--
-- AUTO_INCREMENT for table `kecamatan_kelurahan`
--
ALTER TABLE `kecamatan_kelurahan`
  MODIFY `id` bigint(20) UNSIGNED NOT NULL AUTO_INCREMENT, AUTO_INCREMENT=18;

--
-- AUTO_INCREMENT for table `kelas`
--
ALTER TABLE `kelas`
  MODIFY `id` bigint(20) UNSIGNED NOT NULL AUTO_INCREMENT, AUTO_INCREMENT=56;

--
-- AUTO_INCREMENT for table `kelurahan`
--
ALTER TABLE `kelurahan`
  MODIFY `id` bigint(20) UNSIGNED NOT NULL AUTO_INCREMENT, AUTO_INCREMENT=18;

--
-- AUTO_INCREMENT for table `kriteria`
--
ALTER TABLE `kriteria`
  MODIFY `id` bigint(20) UNSIGNED NOT NULL AUTO_INCREMENT, AUTO_INCREMENT=23;

--
-- AUTO_INCREMENT for table `kriteria_sub_kriteria`
--
ALTER TABLE `kriteria_sub_kriteria`
  MODIFY `id` bigint(20) UNSIGNED NOT NULL AUTO_INCREMENT, AUTO_INCREMENT=48;

--
-- AUTO_INCREMENT for table `migrations`
--
ALTER TABLE `migrations`
  MODIFY `id` int(10) UNSIGNED NOT NULL AUTO_INCREMENT, AUTO_INCREMENT=7;

--
-- AUTO_INCREMENT for table `personal_access_tokens`
--
ALTER TABLE `personal_access_tokens`
  MODIFY `id` bigint(20) UNSIGNED NOT NULL AUTO_INCREMENT;

--
-- AUTO_INCREMENT for table `siswa`
--
ALTER TABLE `siswa`
  MODIFY `id` bigint(20) UNSIGNED NOT NULL AUTO_INCREMENT, AUTO_INCREMENT=639;

--
-- AUTO_INCREMENT for table `siswa_sub_kriteria`
--
ALTER TABLE `siswa_sub_kriteria`
  MODIFY `id` bigint(20) UNSIGNED NOT NULL AUTO_INCREMENT, AUTO_INCREMENT=2582;

--
-- AUTO_INCREMENT for table `sub_kriteria`
--
ALTER TABLE `sub_kriteria`
  MODIFY `id` bigint(20) UNSIGNED NOT NULL AUTO_INCREMENT, AUTO_INCREMENT=21;

--
-- AUTO_INCREMENT for table `tingkat`
--
ALTER TABLE `tingkat`
  MODIFY `id` bigint(20) UNSIGNED NOT NULL AUTO_INCREMENT, AUTO_INCREMENT=7;

--
-- AUTO_INCREMENT for table `tingkat_kelas`
--
ALTER TABLE `tingkat_kelas`
  MODIFY `id` bigint(20) UNSIGNED NOT NULL AUTO_INCREMENT, AUTO_INCREMENT=23;

--
-- AUTO_INCREMENT for table `users`
--
ALTER TABLE `users`
  MODIFY `id` bigint(20) UNSIGNED NOT NULL AUTO_INCREMENT, AUTO_INCREMENT=21;

--
-- Constraints for dumped tables
--

--
-- Constraints for table `kecamatan_kelurahan`
--
ALTER TABLE `kecamatan_kelurahan`
  ADD CONSTRAINT `kecamatan_kelurahan_ibfk_1` FOREIGN KEY (`kecamatan_id`) REFERENCES `kecamatan` (`id`) ON DELETE CASCADE ON UPDATE CASCADE,
  ADD CONSTRAINT `kecamatan_kelurahan_ibfk_2` FOREIGN KEY (`kelurahan_id`) REFERENCES `kelurahan` (`id`) ON DELETE CASCADE ON UPDATE CASCADE;

--
-- Constraints for table `kriteria_sub_kriteria`
--
ALTER TABLE `kriteria_sub_kriteria`
  ADD CONSTRAINT `kriteria_sub_kriteria_ibfk_1` FOREIGN KEY (`kriteria_id`) REFERENCES `kriteria` (`id`) ON DELETE CASCADE ON UPDATE CASCADE,
  ADD CONSTRAINT `kriteria_sub_kriteria_ibfk_2` FOREIGN KEY (`sub_kriteria_id`) REFERENCES `sub_kriteria` (`id`) ON DELETE CASCADE ON UPDATE CASCADE;

--
-- Constraints for table `siswa`
--
ALTER TABLE `siswa`
  ADD CONSTRAINT `siswa_ibfk_3` FOREIGN KEY (`tingkat_id`) REFERENCES `tingkat` (`id`) ON DELETE SET NULL ON UPDATE CASCADE,
  ADD CONSTRAINT `siswa_ibfk_4` FOREIGN KEY (`kelas_id`) REFERENCES `kelas` (`id`) ON DELETE SET NULL ON UPDATE CASCADE,
  ADD CONSTRAINT `siswa_ibfk_5` FOREIGN KEY (`kecamatan_id`) REFERENCES `kecamatan` (`id`) ON DELETE SET NULL ON UPDATE CASCADE,
  ADD CONSTRAINT `siswa_ibfk_6` FOREIGN KEY (`kelurahan_id`) REFERENCES `kelurahan` (`id`) ON DELETE SET NULL ON UPDATE CASCADE;

--
-- Constraints for table `siswa_sub_kriteria`
--
ALTER TABLE `siswa_sub_kriteria`
  ADD CONSTRAINT `siswa_sub_kriteria_ibfk_1` FOREIGN KEY (`siswa_id`) REFERENCES `siswa` (`id`) ON DELETE CASCADE ON UPDATE CASCADE,
  ADD CONSTRAINT `siswa_sub_kriteria_ibfk_2` FOREIGN KEY (`sub_kriteria_id`) REFERENCES `sub_kriteria` (`id`) ON DELETE CASCADE ON UPDATE CASCADE,
  ADD CONSTRAINT `siswa_sub_kriteria_ibfk_3` FOREIGN KEY (`kriteria_id`) REFERENCES `kriteria` (`id`) ON DELETE CASCADE ON UPDATE CASCADE;

--
-- Constraints for table `tingkat_kelas`
--
ALTER TABLE `tingkat_kelas`
  ADD CONSTRAINT `tingkat_kelas_ibfk_1` FOREIGN KEY (`kelas_id`) REFERENCES `kelas` (`id`) ON DELETE CASCADE ON UPDATE CASCADE,
  ADD CONSTRAINT `tingkat_kelas_ibfk_2` FOREIGN KEY (`tingkat_id`) REFERENCES `tingkat` (`id`) ON DELETE CASCADE ON UPDATE CASCADE;
COMMIT;

/*!40101 SET CHARACTER_SET_CLIENT=@OLD_CHARACTER_SET_CLIENT */;
/*!40101 SET CHARACTER_SET_RESULTS=@OLD_CHARACTER_SET_RESULTS */;
/*!40101 SET COLLATION_CONNECTION=@OLD_COLLATION_CONNECTION */;
